"../../../Engine/Plugins/2D/Paper2D/Content/PlaceholderTextures/DummySpriteTexture.ubulk" 0
"../../../Engine/Plugins/2D/Paper2D/Content/PlaceholderTextures/DummySpriteTexture.uasset" 1
"../../../Engine/Plugins/2D/Paper2D/Content/PlaceholderTextures/DummySpriteTexture.uexp" 2
"../../../Engine/Plugins/2D/Paper2D/Content/DummySprite.uasset" 3
"../../../Engine/Plugins/2D/Paper2D/Content/DummySprite.uexp" 4
"../../../Engine/Plugins/2D/Paper2D/Content/DefaultPaperTerrainMaterial.uasset" 5
"../../../Engine/Plugins/2D/Paper2D/Content/DefaultPaperTerrainMaterial.uexp" 6
"../../../Engine/Plugins/Animation/ACLPlugin/Content/ACLAnimBoneCompressionSettings.uasset" 7
"../../../Engine/Plugins/Animation/ACLPlugin/Content/ACLAnimBoneCompressionSettings.uexp" 8
"../../../Engine/Plugins/Animation/ACLPlugin/Content/ACLAnimCurveCompressionSettings.uasset" 9
"../../../Engine/Plugins/Animation/ACLPlugin/Content/ACLAnimCurveCompressionSettings.uexp" 10
"../../../Engine/Content/Animation/DefaultRecorderBoneCompression.uasset" 11
"../../../Engine/Content/Animation/DefaultRecorderBoneCompression.uexp" 12
"../../../Engine/Content/Animation/DefaultVariableFrameStrippingSettings.uasset" 13
"../../../Engine/Content/Animation/DefaultVariableFrameStrippingSettings.uexp" 14
"../../../Engine/Content/EngineFonts/Faces/DroidSansFallback.uexp" 15
"../../../Engine/Content/EngineFonts/Faces/DroidSansFallback.uasset" 16
"../../../Engine/Content/EngineFonts/Faces/DroidSansFallback.ufont" 17
"../../../Engine/Content/EngineFonts/Faces/RobotoBold.uexp" 18
"../../../Engine/Content/EngineFonts/Faces/RobotoBold.uasset" 19
"../../../Engine/Content/EngineFonts/Faces/RobotoBold.ufont" 20
"../../../Engine/Content/EngineFonts/Faces/RobotoBoldItalic.uexp" 21
"../../../Engine/Content/EngineFonts/Faces/RobotoBoldItalic.uasset" 22
"../../../Engine/Content/EngineFonts/Faces/RobotoBoldItalic.ufont" 23
"../../../Engine/Content/EngineFonts/Faces/RobotoItalic.uexp" 24
"../../../Engine/Content/EngineFonts/Faces/RobotoItalic.uasset" 25
"../../../Engine/Content/EngineFonts/Faces/RobotoItalic.ufont" 26
"../../../Engine/Content/EngineFonts/Faces/RobotoLight.uexp" 27
"../../../Engine/Content/EngineFonts/Faces/RobotoLight.uasset" 28
"../../../Engine/Content/EngineFonts/Faces/RobotoLight.ufont" 29
"../../../Engine/Content/EngineFonts/Faces/RobotoRegular.uexp" 30
"../../../Engine/Content/EngineFonts/Faces/RobotoRegular.uasset" 31
"../../../Engine/Content/EngineFonts/Faces/RobotoRegular.ufont" 32
"../../../Engine/Content/EngineFonts/Roboto.uasset" 33
"../../../Engine/Content/EngineFonts/Roboto.uexp" 34
"../../../Engine/Content/EngineMaterials/DefaultDestructiblePhysicalMaterial.uasset" 35
"../../../Engine/Content/EngineMaterials/DefaultDestructiblePhysicalMaterial.uexp" 36
"../../../Engine/Content/EngineMaterials/DefaultPhysicalMaterial.uasset" 37
"../../../Engine/Content/EngineMaterials/DefaultPhysicalMaterial.uexp" 38
"../../../Engine/Content/EngineSounds/Master.uasset" 39
"../../../Engine/Content/EngineSounds/Master.uexp" 40
"../../../Engine/Plugins/Animation/ControlRig/Content/Controls/DefaultGizmoLibraryNormalized.uasset" 41
"../../../Engine/Plugins/Animation/ControlRig/Content/Controls/DefaultGizmoLibraryNormalized.uexp" 42
"../../../Engine/Plugins/Interchange/Runtime/Content/Pipelines/DefaultAssetsPipeline.uasset" 43
"../../../Engine/Plugins/Interchange/Runtime/Content/Pipelines/DefaultAssetsPipeline.uexp" 44
"../../../Engine/Plugins/Interchange/Runtime/Content/Pipelines/DefaultAudioPipeline.uasset" 45
"../../../Engine/Plugins/Interchange/Runtime/Content/Pipelines/DefaultAudioPipeline.uexp" 46
"../../../Engine/Plugins/Interchange/Runtime/Content/Pipelines/DefaultGLTFAssetsPipeline.uasset" 47
"../../../Engine/Plugins/Interchange/Runtime/Content/Pipelines/DefaultGLTFAssetsPipeline.uexp" 48
"../../../Engine/Plugins/Interchange/Runtime/Content/Pipelines/DefaultGLTFPipeline.uasset" 49
"../../../Engine/Plugins/Interchange/Runtime/Content/Pipelines/DefaultGLTFPipeline.uexp" 50
"../../../Engine/Plugins/Interchange/Runtime/Content/Pipelines/DefaultGLTFSceneAssetsPipeline.uasset" 51
"../../../Engine/Plugins/Interchange/Runtime/Content/Pipelines/DefaultGLTFSceneAssetsPipeline.uexp" 52
"../../../Engine/Plugins/Interchange/Runtime/Content/Pipelines/DefaultMaterialPipeline.uasset" 53
"../../../Engine/Plugins/Interchange/Runtime/Content/Pipelines/DefaultMaterialPipeline.uexp" 54
"../../../Engine/Plugins/Interchange/Runtime/Content/Pipelines/DefaultMaterialXPipeline.uasset" 55
"../../../Engine/Plugins/Interchange/Runtime/Content/Pipelines/DefaultMaterialXPipeline.uexp" 56
"../../../Engine/Plugins/Interchange/Runtime/Content/Pipelines/DefaultSceneAssetsPipeline.uasset" 57
"../../../Engine/Plugins/Interchange/Runtime/Content/Pipelines/DefaultSceneAssetsPipeline.uexp" 58
"../../../Engine/Plugins/Interchange/Runtime/Content/Pipelines/DefaultSceneLevelPipeline.uasset" 59
"../../../Engine/Plugins/Interchange/Runtime/Content/Pipelines/DefaultSceneLevelPipeline.uexp" 60
"../../../Engine/Plugins/Interchange/Runtime/Content/Pipelines/DefaultTexturePipeline.uasset" 61
"../../../Engine/Plugins/Interchange/Runtime/Content/Pipelines/DefaultTexturePipeline.uexp" 62
"../../../Engine/Content/MobileResources/HUD/VirtualJoystick_Background.uasset" 63
"../../../Engine/Content/MobileResources/HUD/VirtualJoystick_Background.uexp" 64
"../../../Engine/Content/MobileResources/HUD/VirtualJoystick_Thumb.uasset" 65
"../../../Engine/Content/MobileResources/HUD/VirtualJoystick_Thumb.uexp" 66
"../../../Engine/Content/MobileResources/HUD/DefaultVirtualJoysticks.uasset" 67
"../../../Engine/Content/MobileResources/HUD/DefaultVirtualJoysticks.uexp" 68
"../../../Engine/Content/EngineMaterials/Substrate/Glints2/AGlintTex2dArray2.uasset" 69
"../../../Engine/Content/EngineMaterials/Substrate/Glints2/AGlintTex2dArray2.uexp" 70
"../../../Engine/Plugins/Interchange/Assets/Content/gltf/Textures/T_White_srgb.uasset" 71
"../../../Engine/Plugins/Interchange/Assets/Content/gltf/Textures/T_White_srgb.uexp" 72
"../../../Engine/Plugins/Interchange/Assets/Content/gltf/MaterialFunctions/MF_BaseColor.uasset" 73
"../../../Engine/Plugins/Interchange/Assets/Content/gltf/MaterialFunctions/MF_BaseColor.uexp" 74
"../../../Engine/Plugins/Interchange/Assets/Content/gltf/MaterialFunctions/MF_RotateV2.uasset" 75
"../../../Engine/Plugins/Interchange/Assets/Content/gltf/MaterialFunctions/MF_RotateV2.uexp" 76
"../../../Engine/Plugins/Interchange/Assets/Content/gltf/MaterialFunctions/MF_TransformUVs.uasset" 77
"../../../Engine/Plugins/Interchange/Assets/Content/gltf/MaterialFunctions/MF_TransformUVs.uexp" 78
"../../../Engine/Plugins/Interchange/Assets/Content/gltf/MaterialBodies/MF_Unlit_Body.uasset" 79
"../../../Engine/Plugins/Interchange/Assets/Content/gltf/MaterialBodies/MF_Unlit_Body.uexp" 80
"../../../Engine/Plugins/Interchange/Assets/Content/gltf/M_Unlit.uasset" 81
"../../../Engine/Plugins/Interchange/Assets/Content/gltf/M_Unlit.uexp" 82
"../../../Engine/Plugins/Interchange/Assets/Content/gltf/MaterialInstances/MI_Unlit_Opaque_DS.uasset" 83
"../../../Engine/Plugins/Interchange/Assets/Content/gltf/MaterialInstances/MI_Unlit_Opaque_DS.uexp" 84
"../../../Engine/Plugins/Interchange/Assets/Content/gltf/MaterialInstances/MI_Unlit_Opaque.uasset" 85
"../../../Engine/Plugins/Interchange/Assets/Content/gltf/MaterialInstances/MI_Unlit_Opaque.uexp" 86
"../../../Engine/Plugins/Interchange/Assets/Content/gltf/MaterialInstances/MI_Unlit_Mask_DS.uasset" 87
"../../../Engine/Plugins/Interchange/Assets/Content/gltf/MaterialInstances/MI_Unlit_Mask_DS.uexp" 88
"../../../Engine/Plugins/Interchange/Assets/Content/gltf/MaterialInstances/MI_Unlit_Mask.uasset" 89
"../../../Engine/Plugins/Interchange/Assets/Content/gltf/MaterialInstances/MI_Unlit_Mask.uexp" 90
"../../../Engine/Plugins/Interchange/Assets/Content/gltf/MaterialInstances/MI_Unlit_Blend_DS.uasset" 91
"../../../Engine/Plugins/Interchange/Assets/Content/gltf/MaterialInstances/MI_Unlit_Blend_DS.uexp" 92
"../../../Engine/Plugins/Interchange/Assets/Content/gltf/MaterialInstances/MI_Unlit_Blend.uasset" 93
"../../../Engine/Plugins/Interchange/Assets/Content/gltf/MaterialInstances/MI_Unlit_Blend.uexp" 94
"../../../Engine/Content/EngineMaterials/Good64x64TilingNoiseHighFreq.uasset" 95
"../../../Engine/Content/EngineMaterials/Good64x64TilingNoiseHighFreq.uexp" 96
"../../../Engine/Content/Functions/Engine_MaterialFunctions02/Texturing/ScreenAlignedPixelToPixelUVs.uasset" 97
"../../../Engine/Content/Functions/Engine_MaterialFunctions02/Texturing/ScreenAlignedPixelToPixelUVs.uexp" 98
"../../../Engine/Content/Functions/Engine_MaterialFunctions02/Utility/CameraDirectionVector.uasset" 99
"../../../Engine/Content/Functions/Engine_MaterialFunctions02/Utility/CameraDirectionVector.uexp" 100
"../../../Engine/Content/Functions/Engine_MaterialFunctions02/Utility/MakeFloat3.uasset" 101
"../../../Engine/Content/Functions/Engine_MaterialFunctions02/Utility/MakeFloat3.uexp" 102
"../../../Engine/Content/Functions/Engine_MaterialFunctions02/Utility/BreakOutFloat3Components.uasset" 103
"../../../Engine/Content/Functions/Engine_MaterialFunctions02/Utility/BreakOutFloat3Components.uexp" 104
"../../../Engine/Content/Functions/Engine_MaterialFunctions02/Math/Transform3x3Matrix.uasset" 105
"../../../Engine/Content/Functions/Engine_MaterialFunctions02/Math/Transform3x3Matrix.uexp" 106
"../../../Engine/Plugins/Interchange/Assets/Content/Utilities/New_LUT.uasset" 107
"../../../Engine/Plugins/Interchange/Assets/Content/Utilities/New_LUT.uexp" 108
"../../../Engine/Content/Functions/Engine_MaterialFunctions03/Math/RemapValueRange.uasset" 109
"../../../Engine/Content/Functions/Engine_MaterialFunctions03/Math/RemapValueRange.uexp" 110
"../../../Engine/Plugins/Interchange/Assets/Content/Functions/MF_Iridescence.uasset" 111
"../../../Engine/Plugins/Interchange/Assets/Content/Functions/MF_Iridescence.uexp" 112
"../../../Engine/Plugins/Interchange/Assets/Content/gltf/MaterialFunctions/MF_Fresnel_DS.uasset" 113
"../../../Engine/Plugins/Interchange/Assets/Content/gltf/MaterialFunctions/MF_Fresnel_DS.uexp" 114
"../../../Engine/Plugins/Interchange/Assets/Content/gltf/MaterialFunctions/MF_Temporal_Blur.uasset" 115
"../../../Engine/Plugins/Interchange/Assets/Content/gltf/MaterialFunctions/MF_Temporal_Blur.uexp" 116
"../../../Engine/Plugins/Interchange/Assets/Content/gltf/MaterialFunctions/MF_IOR.uasset" 117
"../../../Engine/Plugins/Interchange/Assets/Content/gltf/MaterialFunctions/MF_IOR.uexp" 118
"../../../Engine/Plugins/Interchange/Assets/Content/Functions/MF_IridescenceNoLUT.uasset" 119
"../../../Engine/Plugins/Interchange/Assets/Content/Functions/MF_IridescenceNoLUT.uexp" 120
"../../../Engine/Plugins/Interchange/Assets/Content/gltf/MaterialFunctions/MF_Iridescence.uasset" 121
"../../../Engine/Plugins/Interchange/Assets/Content/gltf/MaterialFunctions/MF_Iridescence.uexp" 122
"../../../Engine/Plugins/Interchange/Assets/Content/gltf/Textures/T_White_Linear.uasset" 123
"../../../Engine/Plugins/Interchange/Assets/Content/gltf/Textures/T_White_Linear.uexp" 124
"../../../Engine/Plugins/Interchange/Assets/Content/gltf/MaterialFunctions/MF_MetallicRoughness.uasset" 125
"../../../Engine/Plugins/Interchange/Assets/Content/gltf/MaterialFunctions/MF_MetallicRoughness.uexp" 126
"../../../Engine/Plugins/Interchange/Assets/Content/gltf/MaterialFunctions/MF_RotateNormals_TS.uasset" 127
"../../../Engine/Plugins/Interchange/Assets/Content/gltf/MaterialFunctions/MF_RotateNormals_TS.uexp" 128
"../../../Engine/Plugins/Interchange/Assets/Content/gltf/MaterialFunctions/MF_ScaleNormal.uasset" 129
"../../../Engine/Plugins/Interchange/Assets/Content/gltf/MaterialFunctions/MF_ScaleNormal.uexp" 130
"../../../Engine/Plugins/Interchange/Assets/Content/gltf/Textures/T_Generic_N.uasset" 131
"../../../Engine/Plugins/Interchange/Assets/Content/gltf/Textures/T_Generic_N.uexp" 132
"../../../Engine/Plugins/Interchange/Assets/Content/gltf/MaterialFunctions/MF_Normals.uasset" 133
"../../../Engine/Plugins/Interchange/Assets/Content/gltf/MaterialFunctions/MF_Normals.uexp" 134
"../../../Engine/Plugins/Interchange/Assets/Content/gltf/MaterialFunctions/MF_Occlusion.uasset" 135
"../../../Engine/Plugins/Interchange/Assets/Content/gltf/MaterialFunctions/MF_Occlusion.uexp" 136
"../../../Engine/Plugins/Interchange/Assets/Content/gltf/MaterialFunctions/MF_Specular.uasset" 137
"../../../Engine/Plugins/Interchange/Assets/Content/gltf/MaterialFunctions/MF_Specular.uexp" 138
"../../../Engine/Plugins/Interchange/Assets/Content/gltf/Textures/T_Anisotropy_Direction_Linear.uasset" 139
"../../../Engine/Plugins/Interchange/Assets/Content/gltf/Textures/T_Anisotropy_Direction_Linear.uexp" 140
"../../../Engine/Plugins/Interchange/Assets/Content/gltf/MaterialFunctions/MF_SpecularAnisotropy.uasset" 141
"../../../Engine/Plugins/Interchange/Assets/Content/gltf/MaterialFunctions/MF_SpecularAnisotropy.uexp" 142
"../../../Engine/Plugins/Interchange/Assets/Content/gltf/MaterialFunctions/MF_Transmission.uasset" 143
"../../../Engine/Plugins/Interchange/Assets/Content/gltf/MaterialFunctions/MF_Transmission.uexp" 144
"../../../Engine/Plugins/Interchange/Assets/Content/gltf/MaterialBodies/MF_Transmission_Body.uasset" 145
"../../../Engine/Plugins/Interchange/Assets/Content/gltf/MaterialBodies/MF_Transmission_Body.uexp" 146
"../../../Engine/Plugins/Interchange/Assets/Content/gltf/M_Transmission.uasset" 147
"../../../Engine/Plugins/Interchange/Assets/Content/gltf/M_Transmission.uexp" 148
"../../../Engine/Plugins/Interchange/Assets/Content/gltf/MaterialInstances/MI_Transmission_DS.uasset" 149
"../../../Engine/Plugins/Interchange/Assets/Content/gltf/MaterialInstances/MI_Transmission_DS.uexp" 150
"../../../Engine/Plugins/Interchange/Assets/Content/gltf/MaterialInstances/MI_Transmission.uasset" 151
"../../../Engine/Plugins/Interchange/Assets/Content/gltf/MaterialInstances/MI_Transmission.uexp" 152
"../../../Engine/Plugins/Interchange/Assets/Content/gltf/MaterialFunctions/MF_Emissive.uasset" 153
"../../../Engine/Plugins/Interchange/Assets/Content/gltf/MaterialFunctions/MF_Emissive.uexp" 154
"../../../Engine/Plugins/Interchange/Assets/Content/gltf/MaterialFunctions/MF_DiffuseSpecGloss.uasset" 155
"../../../Engine/Plugins/Interchange/Assets/Content/gltf/MaterialFunctions/MF_DiffuseSpecGloss.uexp" 156
"../../../Engine/Plugins/Interchange/Assets/Content/gltf/MaterialFunctions/MF_MaxComponentValue.uasset" 157
"../../../Engine/Plugins/Interchange/Assets/Content/gltf/MaterialFunctions/MF_MaxComponentValue.uexp" 158
"../../../Engine/Content/Functions/Engine_MaterialFunctions02/Math/AddComponents.uasset" 159
"../../../Engine/Content/Functions/Engine_MaterialFunctions02/Math/AddComponents.uexp" 160
"../../../Engine/Plugins/Interchange/Assets/Content/gltf/MaterialFunctions/MF_PerceivedBrightness.uasset" 161
"../../../Engine/Plugins/Interchange/Assets/Content/gltf/MaterialFunctions/MF_PerceivedBrightness.uexp" 162
"../../../Engine/Plugins/Interchange/Assets/Content/gltf/MaterialFunctions/MF_SpecGlossToMetalRoughness.uasset" 163
"../../../Engine/Plugins/Interchange/Assets/Content/gltf/MaterialFunctions/MF_SpecGlossToMetalRoughness.uexp" 164
"../../../Engine/Plugins/Interchange/Assets/Content/gltf/MaterialBodies/MF_SpecularGlossiness_Body.uasset" 165
"../../../Engine/Plugins/Interchange/Assets/Content/gltf/MaterialBodies/MF_SpecularGlossiness_Body.uexp" 166
"../../../Engine/Plugins/Interchange/Assets/Content/gltf/M_SpecularGlossiness.uasset" 167
"../../../Engine/Plugins/Interchange/Assets/Content/gltf/M_SpecularGlossiness.uexp" 168
"../../../Engine/Plugins/Interchange/Assets/Content/gltf/MaterialInstances/MI_SpecularGlossiness_Opaque_DS.uasset" 169
"../../../Engine/Plugins/Interchange/Assets/Content/gltf/MaterialInstances/MI_SpecularGlossiness_Opaque_DS.uexp" 170
"../../../Engine/Plugins/Interchange/Assets/Content/gltf/MaterialInstances/MI_SpecularGlossiness_Opaque.uasset" 171
"../../../Engine/Plugins/Interchange/Assets/Content/gltf/MaterialInstances/MI_SpecularGlossiness_Opaque.uexp" 172
"../../../Engine/Plugins/Interchange/Assets/Content/gltf/MaterialInstances/MI_SpecularGlossiness_Mask_DS.uasset" 173
"../../../Engine/Plugins/Interchange/Assets/Content/gltf/MaterialInstances/MI_SpecularGlossiness_Mask_DS.uexp" 174
"../../../Engine/Plugins/Interchange/Assets/Content/gltf/MaterialInstances/MI_SpecularGlossiness_Mask.uasset" 175
"../../../Engine/Plugins/Interchange/Assets/Content/gltf/MaterialInstances/MI_SpecularGlossiness_Mask.uexp" 176
"../../../Engine/Plugins/Interchange/Assets/Content/gltf/MaterialInstances/MI_SpecularGlossiness_Blend_DS.uasset" 177
"../../../Engine/Plugins/Interchange/Assets/Content/gltf/MaterialInstances/MI_SpecularGlossiness_Blend_DS.uexp" 178
"../../../Engine/Plugins/Interchange/Assets/Content/gltf/MaterialInstances/MI_SpecularGlossiness_Blend.uasset" 179
"../../../Engine/Plugins/Interchange/Assets/Content/gltf/MaterialInstances/MI_SpecularGlossiness_Blend.uexp" 180
"../../../Engine/Plugins/Interchange/Assets/Content/gltf/MaterialFunctions/MF_Sheen.uasset" 181
"../../../Engine/Plugins/Interchange/Assets/Content/gltf/MaterialFunctions/MF_Sheen.uexp" 182
"../../../Engine/Plugins/Interchange/Assets/Content/gltf/MaterialBodies/MF_Sheen_Body.uasset" 183
"../../../Engine/Plugins/Interchange/Assets/Content/gltf/MaterialBodies/MF_Sheen_Body.uexp" 184
"../../../Engine/Plugins/Interchange/Assets/Content/gltf/M_Sheen.uasset" 185
"../../../Engine/Plugins/Interchange/Assets/Content/gltf/M_Sheen.uexp" 186
"../../../Engine/Plugins/Interchange/Assets/Content/gltf/MaterialInstances/MI_Sheen_Opaque_DS.uasset" 187
"../../../Engine/Plugins/Interchange/Assets/Content/gltf/MaterialInstances/MI_Sheen_Opaque_DS.uexp" 188
"../../../Engine/Plugins/Interchange/Assets/Content/gltf/MaterialInstances/MI_Sheen_Opaque.uasset" 189
"../../../Engine/Plugins/Interchange/Assets/Content/gltf/MaterialInstances/MI_Sheen_Opaque.uexp" 190
"../../../Engine/Plugins/Interchange/Assets/Content/gltf/MaterialInstances/MI_Sheen_Mask_DS.uasset" 191
"../../../Engine/Plugins/Interchange/Assets/Content/gltf/MaterialInstances/MI_Sheen_Mask_DS.uexp" 192
"../../../Engine/Plugins/Interchange/Assets/Content/gltf/MaterialInstances/MI_Sheen_Mask.uasset" 193
"../../../Engine/Plugins/Interchange/Assets/Content/gltf/MaterialInstances/MI_Sheen_Mask.uexp" 194
"../../../Engine/Plugins/Interchange/Assets/Content/gltf/MaterialInstances/MI_Sheen_Blend_DS.uasset" 195
"../../../Engine/Plugins/Interchange/Assets/Content/gltf/MaterialInstances/MI_Sheen_Blend_DS.uexp" 196
"../../../Engine/Plugins/Interchange/Assets/Content/gltf/MaterialInstances/MI_Sheen_Blend.uasset" 197
"../../../Engine/Plugins/Interchange/Assets/Content/gltf/MaterialInstances/MI_Sheen_Blend.uexp" 198
"../../../Engine/Plugins/Interchange/Assets/Content/gltf/MaterialBodies/MF_Default_Body.uasset" 199
"../../../Engine/Plugins/Interchange/Assets/Content/gltf/MaterialBodies/MF_Default_Body.uexp" 200
"../../../Engine/Plugins/Interchange/Assets/Content/gltf/M_Default.uasset" 201
"../../../Engine/Plugins/Interchange/Assets/Content/gltf/M_Default.uexp" 202
"../../../Engine/Plugins/Interchange/Assets/Content/gltf/MaterialInstances/MI_Default_Mask_DS.uasset" 203
"../../../Engine/Plugins/Interchange/Assets/Content/gltf/MaterialInstances/MI_Default_Mask_DS.uexp" 204
"../../../Engine/Plugins/Interchange/Assets/Content/gltf/MaterialInstances/MI_Default_Mask.uasset" 205
"../../../Engine/Plugins/Interchange/Assets/Content/gltf/MaterialInstances/MI_Default_Mask.uexp" 206
"../../../Engine/Plugins/Interchange/Assets/Content/gltf/MaterialInstances/MI_Default_Blend_DS.uasset" 207
"../../../Engine/Plugins/Interchange/Assets/Content/gltf/MaterialInstances/MI_Default_Blend_DS.uexp" 208
"../../../Engine/Plugins/Interchange/Assets/Content/gltf/MaterialInstances/MI_Default_Blend.uasset" 209
"../../../Engine/Plugins/Interchange/Assets/Content/gltf/MaterialInstances/MI_Default_Blend.uexp" 210
"../../../Engine/Content/Functions/Engine_MaterialFunctions01/Texturing/FlattenNormal.uasset" 211
"../../../Engine/Content/Functions/Engine_MaterialFunctions01/Texturing/FlattenNormal.uexp" 212
"../../../Engine/Plugins/Interchange/Assets/Content/gltf/MaterialFunctions/MF_Clearcoat.uasset" 213
"../../../Engine/Plugins/Interchange/Assets/Content/gltf/MaterialFunctions/MF_Clearcoat.uexp" 214
"../../../Engine/Plugins/Interchange/Assets/Content/gltf/MaterialBodies/MF_ClearCoat_Body.uasset" 215
"../../../Engine/Plugins/Interchange/Assets/Content/gltf/MaterialBodies/MF_ClearCoat_Body.uexp" 216
"../../../Engine/Plugins/Interchange/Assets/Content/gltf/M_ClearCoat.uasset" 217
"../../../Engine/Plugins/Interchange/Assets/Content/gltf/M_ClearCoat.uexp" 218
"../../../Engine/Plugins/Interchange/Assets/Content/gltf/MaterialInstances/MI_ClearCoat_Opaque_DS.uasset" 219
"../../../Engine/Plugins/Interchange/Assets/Content/gltf/MaterialInstances/MI_ClearCoat_Opaque_DS.uexp" 220
"../../../Engine/Plugins/Interchange/Assets/Content/gltf/MaterialInstances/MI_ClearCoat_Opaque.uasset" 221
"../../../Engine/Plugins/Interchange/Assets/Content/gltf/MaterialInstances/MI_ClearCoat_Opaque.uexp" 222
"../../../Engine/Plugins/Interchange/Assets/Content/gltf/MaterialInstances/MI_ClearCoat_Mask_DS.uasset" 223
"../../../Engine/Plugins/Interchange/Assets/Content/gltf/MaterialInstances/MI_ClearCoat_Mask_DS.uexp" 224
"../../../Engine/Plugins/Interchange/Assets/Content/gltf/MaterialInstances/MI_ClearCoat_Mask.uasset" 225
"../../../Engine/Plugins/Interchange/Assets/Content/gltf/MaterialInstances/MI_ClearCoat_Mask.uexp" 226
"../../../Engine/Plugins/Interchange/Assets/Content/gltf/MaterialInstances/MI_ClearCoat_Blend_DS.uasset" 227
"../../../Engine/Plugins/Interchange/Assets/Content/gltf/MaterialInstances/MI_ClearCoat_Blend_DS.uexp" 228
"../../../Engine/Plugins/Interchange/Assets/Content/gltf/MaterialInstances/MI_ClearCoat_Blend.uasset" 229
"../../../Engine/Plugins/Interchange/Assets/Content/gltf/MaterialInstances/MI_ClearCoat_Blend.uexp" 230
"../../../Engine/Content/EngineMaterials/Substrate/GLints/AGlintTex2dArray.uasset" 231
"../../../Engine/Content/EngineMaterials/Substrate/GLints/AGlintTex2dArray.uexp" 232
"../../../Engine/Content/EngineMaterials/T_Default_Material_Grid_M.ubulk" 233
"../../../Engine/Content/EngineMaterials/T_Default_Material_Grid_M.uasset" 234
"../../../Engine/Content/EngineMaterials/T_Default_Material_Grid_M.uexp" 235
"../../../Engine/Content/EngineMaterials/T_Default_Material_Grid_N.ubulk" 236
"../../../Engine/Content/EngineMaterials/T_Default_Material_Grid_N.uasset" 237
"../../../Engine/Content/EngineMaterials/T_Default_Material_Grid_N.uexp" 238
"../../../Engine/Content/Functions/Engine_MaterialFunctions01/Opacity/CameraDepthFade.uasset" 239
"../../../Engine/Content/Functions/Engine_MaterialFunctions01/Opacity/CameraDepthFade.uexp" 240
"../../../Engine/Content/EngineMaterials/WorldGridMaterial.uasset" 241
"../../../Engine/Content/EngineMaterials/WorldGridMaterial.uexp" 242
"../../../Engine/Content/ArtTools/RenderToTexture/Meshes/S_1_Unit_Plane.ubulk" 243
"../../../Engine/Content/ArtTools/RenderToTexture/Meshes/S_1_Unit_Plane.uasset" 244
"../../../Engine/Content/ArtTools/RenderToTexture/Meshes/S_1_Unit_Plane.uexp" 245
"../../../Engine/Content/EngineResources/FilmGrains/Marcie_Grain_v3_128_M2_000.uasset" 246
"../../../Engine/Content/EngineResources/FilmGrains/Marcie_Grain_v3_128_M2_000.uexp" 247
"../../../Engine/Content/EngineResources/Development/ZenLogo_64.uasset" 248
"../../../Engine/Content/EngineResources/Development/ZenLogo_64.uexp" 249
"../../../Engine/Content/EngineMaterials/LTC/Sheen_LTC.uasset" 250
"../../../Engine/Content/EngineMaterials/LTC/Sheen_LTC.uexp" 251
"../../../Engine/Content/EngineMaterials/LTC/GGX_LTCMat.uasset" 252
"../../../Engine/Content/EngineMaterials/LTC/GGX_LTCMat.uexp" 253
"../../../Engine/Content/EngineMaterials/LTC/GGX_LTCAmp.uasset" 254
"../../../Engine/Content/EngineMaterials/LTC/GGX_LTCAmp.uexp" 255
"../../../Engine/Content/EngineMaterials/EnergyConservation/Sheen_Energy.uasset" 256
"../../../Engine/Content/EngineMaterials/EnergyConservation/Sheen_Energy.uexp" 257
"../../../Engine/Content/EngineMaterials/EnergyConservation/SheenLegacy_Energy.uasset" 258
"../../../Engine/Content/EngineMaterials/EnergyConservation/SheenLegacy_Energy.uexp" 259
"../../../Engine/Content/EngineMaterials/EnergyConservation/GGX_TransmissionEnergyArray.uasset" 260
"../../../Engine/Content/EngineMaterials/EnergyConservation/GGX_TransmissionEnergyArray.uexp" 261
"../../../Engine/Content/EngineMaterials/EnergyConservation/GGX_ReflectionEnergy.uasset" 262
"../../../Engine/Content/EngineMaterials/EnergyConservation/GGX_ReflectionEnergy.uexp" 263
"../../../Engine/Content/EngineMaterials/EnergyConservation/Diffuse_Energy.uasset" 264
"../../../Engine/Content/EngineMaterials/EnergyConservation/Diffuse_Energy.uexp" 265
"../../../Engine/Content/EditorResources/SequenceRecorder/RecordingIndicator.uasset" 266
"../../../Engine/Content/EditorResources/SequenceRecorder/RecordingIndicator.uexp" 267
"../../../Engine/Content/EditorResources/SequenceRecorder/Countdown.uasset" 268
"../../../Engine/Content/EditorResources/SequenceRecorder/Countdown.uexp" 269
"../../../Engine/Content/EditorMaterials/Camera/CineMat.uasset" 270
"../../../Engine/Content/EditorMaterials/Camera/CineMat.uexp" 271
"../../../Engine/Content/EditorMaterials/Camera/MI_CineMat_Rig.uasset" 272
"../../../Engine/Content/EditorMaterials/Camera/MI_CineMat_Rig.uexp" 273
"../../../Engine/Content/EditorMeshes/Camera/SM_RailRig_Track.ubulk" 274
"../../../Engine/Content/EditorMeshes/Camera/SM_RailRig_Track.uasset" 275
"../../../Engine/Content/EditorMeshes/Camera/SM_RailRig_Track.uexp" 276
"../../../Engine/Content/EditorMeshes/Camera/SM_RailRig_Mount.ubulk" 277
"../../../Engine/Content/EditorMeshes/Camera/SM_RailRig_Mount.uasset" 278
"../../../Engine/Content/EditorMeshes/Camera/SM_RailRig_Mount.uexp" 279
"../../../Engine/Content/EditorMeshes/Camera/SM_CraneRig_Mount.ubulk" 280
"../../../Engine/Content/EditorMeshes/Camera/SM_CraneRig_Mount.uasset" 281
"../../../Engine/Content/EditorMeshes/Camera/SM_CraneRig_Mount.uexp" 282
"../../../Engine/Content/EditorMeshes/Camera/SM_CraneRig_Body.ubulk" 283
"../../../Engine/Content/EditorMeshes/Camera/SM_CraneRig_Body.uasset" 284
"../../../Engine/Content/EditorMeshes/Camera/SM_CraneRig_Body.uexp" 285
"../../../Engine/Content/EditorMeshes/Camera/SM_CraneRig_Base.ubulk" 286
"../../../Engine/Content/EditorMeshes/Camera/SM_CraneRig_Base.uasset" 287
"../../../Engine/Content/EditorMeshes/Camera/SM_CraneRig_Base.uexp" 288
"../../../Engine/Content/EditorMeshes/Camera/SM_CraneRig_Arm.ubulk" 289
"../../../Engine/Content/EditorMeshes/Camera/SM_CraneRig_Arm.uasset" 290
"../../../Engine/Content/EditorMeshes/Camera/SM_CraneRig_Arm.uexp" 291
"../../../Engine/Content/EditorMaterials/ParticleSystems/PSysThumbnail_OOD.ubulk" 292
"../../../Engine/Content/EditorMaterials/ParticleSystems/PSysThumbnail_OOD.uasset" 293
"../../../Engine/Content/EditorMaterials/ParticleSystems/PSysThumbnail_OOD.uexp" 294
"../../../Engine/Content/EditorMaterials/ParticleSystems/PSysThumbnail_NoImage.ubulk" 295
"../../../Engine/Content/EditorMaterials/ParticleSystems/PSysThumbnail_NoImage.uasset" 296
"../../../Engine/Content/EditorMaterials/ParticleSystems/PSysThumbnail_NoImage.uexp" 297
"../../../Engine/Content/EditorMaterials/Dataflow/DataflowVertexMaterial.uasset" 298
"../../../Engine/Content/EditorMaterials/Dataflow/DataflowVertexMaterial.uexp" 299
"../../../Engine/Content/EditorMaterials/Dataflow/DataflowTwoSidedVertexMaterial.uasset" 300
"../../../Engine/Content/EditorMaterials/Dataflow/DataflowTwoSidedVertexMaterial.uexp" 301
"../../../Engine/Content/VREditor/LaserPointer/VR_LaserPower_01.ubulk" 302
"../../../Engine/Content/VREditor/LaserPointer/VR_LaserPower_01.uasset" 303
"../../../Engine/Content/VREditor/LaserPointer/VR_LaserPower_01.uexp" 304
"../../../Engine/Content/VREditor/TransformGizmo/TransformGizmoMaterial.uasset" 305
"../../../Engine/Content/VREditor/TransformGizmo/TransformGizmoMaterial.uexp" 306
"../../../Engine/Content/VREditor/TransformGizmo/TranslucentTransformGizmoMaterial.uasset" 307
"../../../Engine/Content/VREditor/TransformGizmo/TranslucentTransformGizmoMaterial.uexp" 308
"../../../Engine/Content/VREditor/TransformGizmo/BoundingBoxEdge.ubulk" 309
"../../../Engine/Content/VREditor/TransformGizmo/BoundingBoxEdge.uasset" 310
"../../../Engine/Content/VREditor/TransformGizmo/BoundingBoxEdge.uexp" 311
"../../../Engine/Content/VREditor/TransformGizmo/BoundingBoxCorner.ubulk" 312
"../../../Engine/Content/VREditor/TransformGizmo/BoundingBoxCorner.uasset" 313
"../../../Engine/Content/VREditor/TransformGizmo/BoundingBoxCorner.uexp" 314
"../../../Engine/Plugins/Runtime/HairStrands/Content/Materials/HairMeshesDefaultMaterial.uasset" 315
"../../../Engine/Plugins/Runtime/HairStrands/Content/Materials/HairMeshesDefaultMaterial.uexp" 316
"../../../Engine/Plugins/Runtime/HairStrands/Content/Materials/HairDefaultMaterial.uasset" 317
"../../../Engine/Plugins/Runtime/HairStrands/Content/Materials/HairDefaultMaterial.uexp" 318
"../../../Engine/Content/Functions/Engine_MaterialFunctions02/Utility/MakeFloat2.uasset" 319
"../../../Engine/Content/Functions/Engine_MaterialFunctions02/Utility/MakeFloat2.uexp" 320
"../../../Engine/Content/EngineMaterials/HairColorMap.uasset" 321
"../../../Engine/Content/EngineMaterials/HairColorMap.uexp" 322
"../../../Engine/Content/EngineMaterials/HairDebugColor.uasset" 323
"../../../Engine/Content/EngineMaterials/HairDebugColor.uexp" 324
"../../../Engine/Plugins/Runtime/HairStrands/Content/Materials/HairGroupColors.uasset" 325
"../../../Engine/Plugins/Runtime/HairStrands/Content/Materials/HairGroupColors.uexp" 326
"../../../Engine/Plugins/Runtime/HairStrands/Content/Materials/HairDebugMaterial.uasset" 327
"../../../Engine/Plugins/Runtime/HairStrands/Content/Materials/HairDebugMaterial.uexp" 328
"../../../Engine/Plugins/Runtime/HairStrands/Content/Materials/HairCardsDefaultMaterial.uasset" 329
"../../../Engine/Plugins/Runtime/HairStrands/Content/Materials/HairCardsDefaultMaterial.uexp" 330
"../../../Engine/Plugins/Runtime/AudioWidgets/Content/Resources/ScrubHandleDown_Clamped.uasset" 331
"../../../Engine/Plugins/Runtime/AudioWidgets/Content/Resources/ScrubHandleDown_Clamped.uexp" 332
"../../../Engine/Plugins/Animation/ControlRig/Content/Controls/ControlRig_Hexagon_solid.ubulk" 333
"../../../Engine/Plugins/Animation/ControlRig/Content/Controls/ControlRig_Hexagon_solid.uasset" 334
"../../../Engine/Plugins/Animation/ControlRig/Content/Controls/ControlRig_Hexagon_solid.uexp" 335
"../../../Engine/Plugins/Animation/ControlRig/Content/Controls/ControlRig_Hexagon_3mm.ubulk" 336
"../../../Engine/Plugins/Animation/ControlRig/Content/Controls/ControlRig_Hexagon_3mm.uasset" 337
"../../../Engine/Plugins/Animation/ControlRig/Content/Controls/ControlRig_Hexagon_3mm.uexp" 338
"../../../Engine/Plugins/Animation/ControlRig/Content/Controls/ControlRig_Hexagon_1mm.ubulk" 339
"../../../Engine/Plugins/Animation/ControlRig/Content/Controls/ControlRig_Hexagon_1mm.uasset" 340
"../../../Engine/Plugins/Animation/ControlRig/Content/Controls/ControlRig_Hexagon_1mm.uexp" 341
"../../../Engine/Plugins/Animation/ControlRig/Content/Controls/ControlRig_HalfCircle_solid.ubulk" 342
"../../../Engine/Plugins/Animation/ControlRig/Content/Controls/ControlRig_HalfCircle_solid.uasset" 343
"../../../Engine/Plugins/Animation/ControlRig/Content/Controls/ControlRig_HalfCircle_solid.uexp" 344
"../../../Engine/Plugins/Animation/ControlRig/Content/Controls/ControlRig_HalfCircle_3mm.ubulk" 345
"../../../Engine/Plugins/Animation/ControlRig/Content/Controls/ControlRig_HalfCircle_3mm.uasset" 346
"../../../Engine/Plugins/Animation/ControlRig/Content/Controls/ControlRig_HalfCircle_3mm.uexp" 347
"../../../Engine/Plugins/Animation/ControlRig/Content/Controls/ControlRig_HalfCircle_1mm.ubulk" 348
"../../../Engine/Plugins/Animation/ControlRig/Content/Controls/ControlRig_HalfCircle_1mm.uasset" 349
"../../../Engine/Plugins/Animation/ControlRig/Content/Controls/ControlRig_HalfCircle_1mm.uexp" 350
"../../../Engine/Plugins/Animation/ControlRig/Content/Controls/ControlRig_Diamond_solid.ubulk" 351
"../../../Engine/Plugins/Animation/ControlRig/Content/Controls/ControlRig_Diamond_solid.uasset" 352
"../../../Engine/Plugins/Animation/ControlRig/Content/Controls/ControlRig_Diamond_solid.uexp" 353
"../../../Engine/Plugins/Animation/ControlRig/Content/Controls/ControlRig_Diamond_3mm.ubulk" 354
"../../../Engine/Plugins/Animation/ControlRig/Content/Controls/ControlRig_Diamond_3mm.uasset" 355
"../../../Engine/Plugins/Animation/ControlRig/Content/Controls/ControlRig_Diamond_3mm.uexp" 356
"../../../Engine/Plugins/Animation/ControlRig/Content/Controls/ControlRig_Diamond_1mm.ubulk" 357
"../../../Engine/Plugins/Animation/ControlRig/Content/Controls/ControlRig_Diamond_1mm.uasset" 358
"../../../Engine/Plugins/Animation/ControlRig/Content/Controls/ControlRig_Diamond_1mm.uexp" 359
"../../../Engine/Plugins/Animation/ControlRig/Content/Controls/ControlRig_Circle_solid.ubulk" 360
"../../../Engine/Plugins/Animation/ControlRig/Content/Controls/ControlRig_Circle_solid.uasset" 361
"../../../Engine/Plugins/Animation/ControlRig/Content/Controls/ControlRig_Circle_solid.uexp" 362
"../../../Engine/Plugins/Animation/ControlRig/Content/Controls/ControlRig_Circle_3mm.ubulk" 363
"../../../Engine/Plugins/Animation/ControlRig/Content/Controls/ControlRig_Circle_3mm.uasset" 364
"../../../Engine/Plugins/Animation/ControlRig/Content/Controls/ControlRig_Circle_3mm.uexp" 365
"../../../Engine/Plugins/Animation/ControlRig/Content/Controls/ControlRig_Circle_1mm.ubulk" 366
"../../../Engine/Plugins/Animation/ControlRig/Content/Controls/ControlRig_Circle_1mm.uasset" 367
"../../../Engine/Plugins/Animation/ControlRig/Content/Controls/ControlRig_Circle_1mm.uexp" 368
"../../../Engine/Plugins/Animation/ControlRig/Content/Controls/ControlRig_Box_solid.ubulk" 369
"../../../Engine/Plugins/Animation/ControlRig/Content/Controls/ControlRig_Box_solid.uasset" 370
"../../../Engine/Plugins/Animation/ControlRig/Content/Controls/ControlRig_Box_solid.uexp" 371
"../../../Engine/Plugins/Animation/ControlRig/Content/Controls/ControlRig_Box_3mm.ubulk" 372
"../../../Engine/Plugins/Animation/ControlRig/Content/Controls/ControlRig_Box_3mm.uasset" 373
"../../../Engine/Plugins/Animation/ControlRig/Content/Controls/ControlRig_Box_3mm.uexp" 374
"../../../Engine/Plugins/Animation/ControlRig/Content/Controls/ControlRig_Box_1mm.ubulk" 375
"../../../Engine/Plugins/Animation/ControlRig/Content/Controls/ControlRig_Box_1mm.uasset" 376
"../../../Engine/Plugins/Animation/ControlRig/Content/Controls/ControlRig_Box_1mm.uexp" 377
"../../../Engine/Plugins/Animation/ControlRig/Content/Controls/ControlRig_Arrow_solid.ubulk" 378
"../../../Engine/Plugins/Animation/ControlRig/Content/Controls/ControlRig_Arrow_solid.uasset" 379
"../../../Engine/Plugins/Animation/ControlRig/Content/Controls/ControlRig_Arrow_solid.uexp" 380
"../../../Engine/Plugins/Animation/ControlRig/Content/Controls/ControlRig_Arrow_3mm.ubulk" 381
"../../../Engine/Plugins/Animation/ControlRig/Content/Controls/ControlRig_Arrow_3mm.uasset" 382
"../../../Engine/Plugins/Animation/ControlRig/Content/Controls/ControlRig_Arrow_3mm.uexp" 383
"../../../Engine/Plugins/Animation/ControlRig/Content/Controls/ControlRig_Arrow_1mm.ubulk" 384
"../../../Engine/Plugins/Animation/ControlRig/Content/Controls/ControlRig_Arrow_1mm.uasset" 385
"../../../Engine/Plugins/Animation/ControlRig/Content/Controls/ControlRig_Arrow_1mm.uexp" 386
"../../../Engine/Plugins/Animation/ControlRig/Content/Controls/ControlRig_Arrow4_solid.ubulk" 387
"../../../Engine/Plugins/Animation/ControlRig/Content/Controls/ControlRig_Arrow4_solid.uasset" 388
"../../../Engine/Plugins/Animation/ControlRig/Content/Controls/ControlRig_Arrow4_solid.uexp" 389
"../../../Engine/Plugins/Animation/ControlRig/Content/Controls/ControlRig_Arrow4_3mm.ubulk" 390
"../../../Engine/Plugins/Animation/ControlRig/Content/Controls/ControlRig_Arrow4_3mm.uasset" 391
"../../../Engine/Plugins/Animation/ControlRig/Content/Controls/ControlRig_Arrow4_3mm.uexp" 392
"../../../Engine/Plugins/Animation/ControlRig/Content/Controls/ControlRig_Arrow4_1mm.ubulk" 393
"../../../Engine/Plugins/Animation/ControlRig/Content/Controls/ControlRig_Arrow4_1mm.uasset" 394
"../../../Engine/Plugins/Animation/ControlRig/Content/Controls/ControlRig_Arrow4_1mm.uexp" 395
"../../../Engine/Plugins/Animation/ControlRig/Content/Controls/ControlRig_Arrow2_solid.ubulk" 396
"../../../Engine/Plugins/Animation/ControlRig/Content/Controls/ControlRig_Arrow2_solid.uasset" 397
"../../../Engine/Plugins/Animation/ControlRig/Content/Controls/ControlRig_Arrow2_solid.uexp" 398
"../../../Engine/Plugins/Animation/ControlRig/Content/Controls/ControlRig_Arrow2_3mm.ubulk" 399
"../../../Engine/Plugins/Animation/ControlRig/Content/Controls/ControlRig_Arrow2_3mm.uasset" 400
"../../../Engine/Plugins/Animation/ControlRig/Content/Controls/ControlRig_Arrow2_3mm.uexp" 401
"../../../Engine/Plugins/Animation/ControlRig/Content/Controls/ControlRig_Arrow2_1mm.ubulk" 402
"../../../Engine/Plugins/Animation/ControlRig/Content/Controls/ControlRig_Arrow2_1mm.uasset" 403
"../../../Engine/Plugins/Animation/ControlRig/Content/Controls/ControlRig_Arrow2_1mm.uexp" 404
"../../../Engine/Plugins/Animation/ControlRig/Content/Controls/ControlRigXRayMaterial.uasset" 405
"../../../Engine/Plugins/Animation/ControlRig/Content/Controls/ControlRigXRayMaterial.uexp" 406
"../../../Engine/Plugins/Animation/ControlRig/Content/Controls/ControlRigGizmoMaterial.uasset" 407
"../../../Engine/Plugins/Animation/ControlRig/Content/Controls/ControlRigGizmoMaterial.uexp" 408
"../../../Engine/Content/Functions/Engine_MaterialFunctions02/SplitComponents.uasset" 409
"../../../Engine/Content/Functions/Engine_MaterialFunctions02/SplitComponents.uexp" 410
"../../../Engine/Content/VREditor/SnapGrid/SnapGridMaterial.uasset" 411
"../../../Engine/Content/VREditor/SnapGrid/SnapGridMaterial.uexp" 412
"../../../Engine/Content/VREditor/SnapGrid/SnapGridPlaneMesh.ubulk" 413
"../../../Engine/Content/VREditor/SnapGrid/SnapGridPlaneMesh.uasset" 414
"../../../Engine/Content/VREditor/SnapGrid/SnapGridPlaneMesh.uexp" 415
"../../../Engine/Content/VREditor/TransformGizmo/PlaneTranslationHandle.ubulk" 416
"../../../Engine/Content/VREditor/TransformGizmo/PlaneTranslationHandle.uasset" 417
"../../../Engine/Content/VREditor/TransformGizmo/PlaneTranslationHandle.uexp" 418
"../../../Engine/Content/VREditor/TransformGizmo/RotationHandleFull.ubulk" 419
"../../../Engine/Content/VREditor/TransformGizmo/RotationHandleFull.uasset" 420
"../../../Engine/Content/VREditor/TransformGizmo/RotationHandleFull.uexp" 421
"../../../Engine/Content/VREditor/TransformGizmo/RotationHandleIndicator.ubulk" 422
"../../../Engine/Content/VREditor/TransformGizmo/RotationHandleIndicator.uasset" 423
"../../../Engine/Content/VREditor/TransformGizmo/RotationHandleIndicator.uexp" 424
"../../../Engine/Content/VREditor/TransformGizmo/RotationHandleQuarter.ubulk" 425
"../../../Engine/Content/VREditor/TransformGizmo/RotationHandleQuarter.uasset" 426
"../../../Engine/Content/VREditor/TransformGizmo/RotationHandleQuarter.uexp" 427
"../../../Engine/Content/VREditor/TransformGizmo/StartRotationHandleIndicator.ubulk" 428
"../../../Engine/Content/VREditor/TransformGizmo/StartRotationHandleIndicator.uasset" 429
"../../../Engine/Content/VREditor/TransformGizmo/StartRotationHandleIndicator.uexp" 430
"../../../Engine/Content/VREditor/TransformGizmo/TranslucentTransformGizmoMaterial_Inst.uasset" 431
"../../../Engine/Content/VREditor/TransformGizmo/TranslucentTransformGizmoMaterial_Inst.uexp" 432
"../../../Engine/Content/VREditor/TransformGizmo/TransformGizmoFreeRotation.ubulk" 433
"../../../Engine/Content/VREditor/TransformGizmo/TransformGizmoFreeRotation.uasset" 434
"../../../Engine/Content/VREditor/TransformGizmo/TransformGizmoFreeRotation.uexp" 435
"../../../Engine/Content/VREditor/TransformGizmo/TransformGizmoMaterial_Inst.uasset" 436
"../../../Engine/Content/VREditor/TransformGizmo/TransformGizmoMaterial_Inst.uexp" 437
"../../../Engine/Content/VREditor/TransformGizmo/TranslateArrowHandle.ubulk" 438
"../../../Engine/Content/VREditor/TransformGizmo/TranslateArrowHandle.uasset" 439
"../../../Engine/Content/VREditor/TransformGizmo/TranslateArrowHandle.uexp" 440
"../../../Engine/Content/VREditor/TransformGizmo/UniformScaleHandle.ubulk" 441
"../../../Engine/Content/VREditor/TransformGizmo/UniformScaleHandle.uasset" 442
"../../../Engine/Content/VREditor/TransformGizmo/UniformScaleHandle.uexp" 443
"../../../Engine/Content/VREditor/Sounds/UI/Drop_Item_From_ContentBrowser.ubulk" 444
"../../../Engine/Content/VREditor/Sounds/UI/Drop_Item_From_ContentBrowser.uasset" 445
"../../../Engine/Content/VREditor/Sounds/UI/Drop_Item_From_ContentBrowser.uexp" 446
"../../../Engine/Content/VREditor/Sounds/UI/Gizmo_Handle_Clicked.ubulk" 447
"../../../Engine/Content/VREditor/Sounds/UI/Gizmo_Handle_Clicked.uasset" 448
"../../../Engine/Content/VREditor/Sounds/UI/Gizmo_Handle_Clicked.uexp" 449
"../../../Engine/Content/VREditor/Sounds/UI/Object_PickUp.ubulk" 450
"../../../Engine/Content/VREditor/Sounds/UI/Object_PickUp.uasset" 451
"../../../Engine/Content/VREditor/Sounds/UI/Object_PickUp.uexp" 452
"../../../Engine/Content/VREditor/Sounds/UI/Object_Snaps_To_Another_Actor.ubulk" 453
"../../../Engine/Content/VREditor/Sounds/UI/Object_Snaps_To_Another_Actor.uasset" 454
"../../../Engine/Content/VREditor/Sounds/UI/Object_Snaps_To_Another_Actor.uexp" 455
"../../../Engine/Content/VREditor/Sounds/UI/Object_Snaps_To_Grid.ubulk" 456
"../../../Engine/Content/VREditor/Sounds/UI/Object_Snaps_To_Grid.uasset" 457
"../../../Engine/Content/VREditor/Sounds/UI/Object_Snaps_To_Grid.uexp" 458
"../../../Engine/Content/VREditor/Sounds/UI/Scaling_Down.ubulk" 459
"../../../Engine/Content/VREditor/Sounds/UI/Scaling_Down.uasset" 460
"../../../Engine/Content/VREditor/Sounds/UI/Scaling_Down.uexp" 461
"../../../Engine/Content/VREditor/Sounds/UI/Scaling_Up.ubulk" 462
"../../../Engine/Content/VREditor/Sounds/UI/Scaling_Up.uasset" 463
"../../../Engine/Content/VREditor/Sounds/UI/Scaling_Up.uexp" 464
"../../../Engine/Content/VREditor/Sounds/UI/Selection_Changes.ubulk" 465
"../../../Engine/Content/VREditor/Sounds/UI/Selection_Changes.uasset" 466
"../../../Engine/Content/VREditor/Sounds/UI/Selection_Changes.uexp" 467
"../../../Engine/Content/EditorLandscapeResources/SplineEditorMeshMat.uasset" 468
"../../../Engine/Content/EditorLandscapeResources/SplineEditorMeshMat.uexp" 469
"../../../Engine/Content/EditorLandscapeResources/SplineEditorMesh.ubulk" 470
"../../../Engine/Content/EditorLandscapeResources/SplineEditorMesh.uasset" 471
"../../../Engine/Content/EditorLandscapeResources/SplineEditorMesh.uexp" 472
"../../../Engine/Content/EditorLandscapeResources/DefaultAlphaTexture.uasset" 473
"../../../Engine/Content/EditorLandscapeResources/DefaultAlphaTexture.uexp" 474
"../../../Engine/Content/Functions/Engine_MaterialFunctions03/Math/WithinRangeFloat2.uasset" 475
"../../../Engine/Content/Functions/Engine_MaterialFunctions03/Math/WithinRangeFloat2.uexp" 476
"../../../Engine/Content/EditorLandscapeResources/WhiteSquareTexture.uasset" 477
"../../../Engine/Content/EditorLandscapeResources/WhiteSquareTexture.uexp" 478
"../../../Engine/Content/EditorLandscapeResources/SelectBrushMaterial.uasset" 479
"../../../Engine/Content/EditorLandscapeResources/SelectBrushMaterial.uexp" 480
"../../../Engine/Content/EditorLandscapeResources/SelectBrushMaterial_SelectedRegion.uasset" 481
"../../../Engine/Content/EditorLandscapeResources/SelectBrushMaterial_SelectedRegion.uexp" 482
"../../../Engine/Content/EditorLandscapeResources/SelectBrushMaterial_Selected.uasset" 483
"../../../Engine/Content/EditorLandscapeResources/SelectBrushMaterial_Selected.uexp" 484
"../../../Engine/Content/EditorLandscapeResources/MaskBrushMaterial.uasset" 485
"../../../Engine/Content/EditorLandscapeResources/MaskBrushMaterial.uexp" 486
"../../../Engine/Content/EditorLandscapeResources/MaskBrushMaterial_MaskedRegion.uasset" 487
"../../../Engine/Content/EditorLandscapeResources/MaskBrushMaterial_MaskedRegion.uexp" 488
"../../../Engine/Content/EditorLandscapeResources/LayerVisMaterial.uasset" 489
"../../../Engine/Content/EditorLandscapeResources/LayerVisMaterial.uexp" 490
"../../../Engine/Content/EngineMaterials/DefaultDiffuse.ubulk" 491
"../../../Engine/Content/EngineMaterials/DefaultDiffuse.uasset" 492
"../../../Engine/Content/EngineMaterials/DefaultDiffuse.uexp" 493
"../../../Engine/Content/Functions/Engine_MaterialFunctions01/Texturing/TextureCropping.uasset" 494
"../../../Engine/Content/Functions/Engine_MaterialFunctions01/Texturing/TextureCropping.uexp" 495
"../../../Engine/Content/Functions/Engine_MaterialFunctions02/ExampleContent/DebugNumberStrip.uasset" 496
"../../../Engine/Content/Functions/Engine_MaterialFunctions02/ExampleContent/DebugNumberStrip.uexp" 497
"../../../Engine/Content/Functions/Engine_MaterialFunctions01/Debug/DebugIntValues.uasset" 498
"../../../Engine/Content/Functions/Engine_MaterialFunctions01/Debug/DebugIntValues.uexp" 499
"../../../Engine/Content/Functions/Engine_MaterialFunctions02/Utility/BreakOutFloat2Components.uasset" 500
"../../../Engine/Content/Functions/Engine_MaterialFunctions02/Utility/BreakOutFloat2Components.uexp" 501
"../../../Engine/Content/Functions/Engine_MaterialFunctions01/Texturing/ScaleUVsByCenter.uasset" 502
"../../../Engine/Content/Functions/Engine_MaterialFunctions01/Texturing/ScaleUVsByCenter.uexp" 503
"../../../Engine/Content/Functions/Engine_MaterialFunctions02/WorldPositionOffset/LocalPosition.uasset" 504
"../../../Engine/Content/Functions/Engine_MaterialFunctions02/WorldPositionOffset/LocalPosition.uexp" 505
"../../../Engine/Content/EditorLandscapeResources/LandscapeLayerUsageMaterial.uasset" 506
"../../../Engine/Content/EditorLandscapeResources/LandscapeLayerUsageMaterial.uexp" 507
"../../../Engine/Content/EngineResources/LandscapeVisibilityLayerInfo.uasset" 508
"../../../Engine/Content/EngineResources/LandscapeVisibilityLayerInfo.uexp" 509
"../../../Engine/Content/EditorLandscapeResources/LandscapeDirtyMaterial.uasset" 510
"../../../Engine/Content/EditorLandscapeResources/LandscapeDirtyMaterial.uexp" 511
"../../../Engine/Content/EngineResources/GradientTexture0.uasset" 512
"../../../Engine/Content/EngineResources/GradientTexture0.uexp" 513
"../../../Engine/Content/EngineResources/DefaultTextureCube.uasset" 514
"../../../Engine/Content/EngineResources/DefaultTextureCube.uexp" 515
"../../../Engine/Content/EditorLandscapeResources/ColorMaskBrushMaterial.uasset" 516
"../../../Engine/Content/EditorLandscapeResources/ColorMaskBrushMaterial.uexp" 517
"../../../Engine/Content/EditorLandscapeResources/ColorMaskBrushMaterial_MaskedRegion.uasset" 518
"../../../Engine/Content/EditorLandscapeResources/ColorMaskBrushMaterial_MaskedRegion.uexp" 519
"../../../Engine/Content/EngineResources/Black.uasset" 520
"../../../Engine/Content/EngineResources/Black.uexp" 521
"../../../Engine/Content/EngineMeshes/Sphere.ubulk" 522
"../../../Engine/Content/EngineMeshes/Sphere.uasset" 523
"../../../Engine/Content/EngineMeshes/Sphere.uexp" 524
"../../../Engine/Content/EngineResources/WhiteSquareTexture.uasset" 525
"../../../Engine/Content/EngineResources/WhiteSquareTexture.uexp" 526
"../../../Engine/Content/EngineMaterials/Widget3DPassThrough.uasset" 527
"../../../Engine/Content/EngineMaterials/Widget3DPassThrough.uexp" 528
"../../../Engine/Content/EngineMaterials/Widget3DPassThrough_Translucent.uasset" 529
"../../../Engine/Content/EngineMaterials/Widget3DPassThrough_Translucent.uexp" 530
"../../../Engine/Content/EngineMaterials/Widget3DPassThrough_Translucent_OneSided.uasset" 531
"../../../Engine/Content/EngineMaterials/Widget3DPassThrough_Translucent_OneSided.uexp" 532
"../../../Engine/Content/EngineMaterials/Widget3DPassThrough_Opaque.uasset" 533
"../../../Engine/Content/EngineMaterials/Widget3DPassThrough_Opaque.uexp" 534
"../../../Engine/Content/EngineMaterials/Widget3DPassThrough_Opaque_OneSided.uasset" 535
"../../../Engine/Content/EngineMaterials/Widget3DPassThrough_Opaque_OneSided.uexp" 536
"../../../Engine/Content/EngineMaterials/Widget3DPassThrough_Masked_OneSided.uasset" 537
"../../../Engine/Content/EngineMaterials/Widget3DPassThrough_Masked_OneSided.uexp" 538
"../../../Engine/Content/EngineMaterials/Widget3DPassThrough_Masked.uasset" 539
"../../../Engine/Content/EngineMaterials/Widget3DPassThrough_Masked.uexp" 540
"../../../Engine/Content/EngineMaterials/DefaultMaterial.uasset" 541
"../../../Engine/Content/EngineMaterials/DefaultMaterial.uexp" 542
"../../../Engine/Content/BasicShapes/Sphere.ubulk" 543
"../../../Engine/Content/BasicShapes/Sphere.uasset" 544
"../../../Engine/Content/BasicShapes/Sphere.uexp" 545
"../../../Engine/Content/EngineMaterials/WeightMapPlaceholderTexture.uasset" 546
"../../../Engine/Content/EngineMaterials/WeightMapPlaceholderTexture.uexp" 547
"../../../Engine/Content/EngineMaterials/WeightMapArrayPlaceholderTexture.uasset" 548
"../../../Engine/Content/EngineMaterials/WeightMapArrayPlaceholderTexture.uexp" 549
"../../../Engine/Content/BasicShapes/Plane.ubulk" 550
"../../../Engine/Content/BasicShapes/Plane.uasset" 551
"../../../Engine/Content/BasicShapes/Plane.uexp" 552
"../../../Engine/Plugins/Interchange/Assets/Content/Substrate/MX_SimpleVolume.uasset" 553
"../../../Engine/Plugins/Interchange/Assets/Content/Substrate/MX_SimpleVolume.uexp" 554
"../../../Engine/Content/BasicShapes/Cone.ubulk" 555
"../../../Engine/Content/BasicShapes/Cone.uasset" 556
"../../../Engine/Content/BasicShapes/Cone.uexp" 557
"../../../Engine/Plugins/NNE/NNEDenoiser/Content/NNE_oidn2-3-0_rt_hdr_calb_cnrm_large__dyn__fp16_opset11_ForwardAlpha.uasset" 558
"../../../Engine/Plugins/NNE/NNEDenoiser/Content/NNE_oidn2-3-0_rt_hdr_calb_cnrm_large__dyn__fp16_opset11_ForwardAlpha.uexp" 559
"../../../Engine/Content/EngineMaterials/SMAASearchTex.uasset" 560
"../../../Engine/Content/EngineMaterials/SMAASearchTex.uexp" 561
"../../../Engine/Plugins/NNE/NNEDenoiser/Content/NNE_oidn2-3-0_rt_hdr_calb_cnrm_large__dyn__fp16_opset11_DenoiseAlpha.uasset" 562
"../../../Engine/Plugins/NNE/NNEDenoiser/Content/NNE_oidn2-3-0_rt_hdr_calb_cnrm_large__dyn__fp16_opset11_DenoiseAlpha.uexp" 563
"../../../Engine/Plugins/NNE/NNEDenoiser/Content/NNE_oidn2-3-0_rt_hdr_alb_nrm__dyn__fp16_opset11_ForwardAlpha.uasset" 564
"../../../Engine/Plugins/NNE/NNEDenoiser/Content/NNE_oidn2-3-0_rt_hdr_alb_nrm__dyn__fp16_opset11_ForwardAlpha.uexp" 565
"../../../Engine/Plugins/NNE/NNEDenoiser/Content/NNE_oidn2-3-0_rt_hdr_alb_nrm__dyn__fp16_opset11_DenoiseAlpha.uasset" 566
"../../../Engine/Plugins/NNE/NNEDenoiser/Content/NNE_oidn2-3-0_rt_hdr_alb_nrm__dyn__fp16_opset11_DenoiseAlpha.uexp" 567
"../../../Engine/Plugins/NNE/NNEDenoiser/Content/NNE_oidn2-3-0_rt_hdr_alb_nrm_small__dyn__fp16_opset11_ForwardAlpha.uasset" 568
"../../../Engine/Plugins/NNE/NNEDenoiser/Content/NNE_oidn2-3-0_rt_hdr_alb_nrm_small__dyn__fp16_opset11_ForwardAlpha.uexp" 569
"../../../Engine/Plugins/NNE/NNEDenoiser/Content/NNE_oidn2-3-0_rt_hdr_alb_nrm_small__dyn__fp16_opset11_DenoiseAlpha.uasset" 570
"../../../Engine/Plugins/NNE/NNEDenoiser/Content/NNE_oidn2-3-0_rt_hdr_alb_nrm_small__dyn__fp16_opset11_DenoiseAlpha.uexp" 571
"../../../Engine/Plugins/NNE/NNEDenoiser/Content/NNEDTOM_Output_Default.uasset" 572
"../../../Engine/Plugins/NNE/NNEDenoiser/Content/NNEDTOM_Output_Default.uexp" 573
"../../../Engine/Content/EngineMaterials/SMAAAreaTex.uasset" 574
"../../../Engine/Content/EngineMaterials/SMAAAreaTex.uexp" 575
"../../../Engine/Plugins/NNE/NNEDenoiser/Content/NNEDTOM_Output_Alpha.uasset" 576
"../../../Engine/Plugins/NNE/NNEDenoiser/Content/NNEDTOM_Output_Alpha.uexp" 577
"../../../Engine/Plugins/NNE/NNEDenoiser/Content/NNEDTIM_ColorAlbedoNormal_Default.uasset" 578
"../../../Engine/Plugins/NNE/NNEDenoiser/Content/NNEDTIM_ColorAlbedoNormal_Default.uexp" 579
"../../../Engine/Plugins/NNE/NNEDenoiser/Content/NNEDTIM_ColorAlbedoNormal_Alpha.uasset" 580
"../../../Engine/Plugins/NNE/NNEDenoiser/Content/NNEDTIM_ColorAlbedoNormal_Alpha.uexp" 581
"../../../Engine/Plugins/NNE/NNEDenoiser/Content/NNEDOM_Output_Default.uasset" 582
"../../../Engine/Plugins/NNE/NNEDenoiser/Content/NNEDOM_Output_Default.uexp" 583
"../../../Engine/Plugins/NNE/NNEDenoiser/Content/NNEDOM_Output_Alpha.uasset" 584
"../../../Engine/Plugins/NNE/NNEDenoiser/Content/NNEDOM_Output_Alpha.uexp" 585
"../../../Engine/Plugins/NNE/NNEDenoiser/Content/NNEDIM_HighQuality_Default.uasset" 586
"../../../Engine/Plugins/NNE/NNEDenoiser/Content/NNEDIM_HighQuality_Default.uexp" 587
"../../../Engine/Content/EngineMaterials/RemoveSurfaceMaterial.uasset" 588
"../../../Engine/Content/EngineMaterials/RemoveSurfaceMaterial.uexp" 589
"../../../Engine/Plugins/NNE/NNEDenoiser/Content/NNEDIM_HighQuality_Alpha.uasset" 590
"../../../Engine/Plugins/NNE/NNEDenoiser/Content/NNEDIM_HighQuality_Alpha.uexp" 591
"../../../Engine/Plugins/NNE/NNEDenoiser/Content/NNEDIM_ColorAlbedoNormal_Default.uasset" 592
"../../../Engine/Plugins/NNE/NNEDenoiser/Content/NNEDIM_ColorAlbedoNormal_Default.uexp" 593
"../../../Engine/Plugins/NNE/NNEDenoiser/Content/NNEDIM_ColorAlbedoNormal_Alpha.uasset" 594
"../../../Engine/Plugins/NNE/NNEDenoiser/Content/NNEDIM_ColorAlbedoNormal_Alpha.uexp" 595
"../../../Engine/Plugins/Media/MediaPlate/Content/SM_MediaPlateScreen.ubulk" 596
"../../../Engine/Plugins/Media/MediaPlate/Content/SM_MediaPlateScreen.uasset" 597
"../../../Engine/Plugins/Media/MediaPlate/Content/SM_MediaPlateScreen.uexp" 598
"../../../Engine/Content/EngineMaterials/PreintegratedSkinBRDF.uasset" 599
"../../../Engine/Content/EngineMaterials/PreintegratedSkinBRDF.uexp" 600
"../../../Engine/Content/EngineMaterials/DefaultCalibrationGrayscale.uasset" 601
"../../../Engine/Content/EngineMaterials/DefaultCalibrationGrayscale.uexp" 602
"../../../Engine/Content/EngineMaterials/PPM_DefaultCalibrationGrayscale.uasset" 603
"../../../Engine/Content/EngineMaterials/PPM_DefaultCalibrationGrayscale.uexp" 604
"../../../Engine/Content/EngineMaterials/DefaultCalibrationColor.uasset" 605
"../../../Engine/Content/EngineMaterials/DefaultCalibrationColor.uexp" 606
"../../../Engine/Content/EngineMaterials/PPM_DefaultCalibrationColor.uasset" 607
"../../../Engine/Content/EngineMaterials/PPM_DefaultCalibrationColor.uexp" 608
"../../../Engine/Content/Functions/Engine_MaterialFunctions02/WorldPositionOffset/CameraOffset.uasset" 609
"../../../Engine/Content/Functions/Engine_MaterialFunctions02/WorldPositionOffset/CameraOffset.uexp" 610
"../../../Engine/Content/EngineMaterials/PhAT_JointLimitMaterial.uasset" 611
"../../../Engine/Content/EngineMaterials/PhAT_JointLimitMaterial.uexp" 612
"../../../Engine/Content/EngineMaterials/NaniteHiddenSectionMaterial.uasset" 613
"../../../Engine/Content/EngineMaterials/NaniteHiddenSectionMaterial.uexp" 614
"../../../Engine/Content/EngineMaterials/InvalidLightmapSettings.ubulk" 615
"../../../Engine/Content/EngineMaterials/InvalidLightmapSettings.uasset" 616
"../../../Engine/Content/EngineMaterials/InvalidLightmapSettings.uexp" 617
"../../../Engine/Content/EngineMaterials/M_InvalidLightmapSettings.uasset" 618
"../../../Engine/Content/EngineMaterials/M_InvalidLightmapSettings.uexp" 619
"../../../Engine/Content/EngineMaterials/MiniFont.uasset" 620
"../../../Engine/Content/EngineMaterials/MiniFont.uexp" 621
"../../../Engine/Plugins/Animation/ControlRig/Content/M_Manip.uasset" 622
"../../../Engine/Plugins/Animation/ControlRig/Content/M_Manip.uexp" 623
"../../../Engine/Plugins/2D/Paper2D/Content/DefaultSpriteMaterial.uasset" 624
"../../../Engine/Plugins/2D/Paper2D/Content/DefaultSpriteMaterial.uexp" 625
"../../../Engine/Plugins/2D/Paper2D/Content/OpaqueUnlitSpriteMaterial.uasset" 626
"../../../Engine/Plugins/2D/Paper2D/Content/OpaqueUnlitSpriteMaterial.uexp" 627
"../../../Engine/Plugins/2D/Paper2D/Content/MaskedUnlitSpriteMaterial.uasset" 628
"../../../Engine/Plugins/2D/Paper2D/Content/MaskedUnlitSpriteMaterial.uexp" 629
"../../../Engine/Content/EngineMaterials/GizmoMaterial.uasset" 630
"../../../Engine/Content/EngineMaterials/GizmoMaterial.uexp" 631
"../../../Engine/Content/EngineMaterials/BaseFlattenDiffuseMap_VT.uasset" 632
"../../../Engine/Content/EngineMaterials/BaseFlattenDiffuseMap_VT.uexp" 633
"../../../Engine/Content/EngineMaterials/BaseFlattenEmissiveMap_VT.uasset" 634
"../../../Engine/Content/EngineMaterials/BaseFlattenEmissiveMap_VT.uexp" 635
"../../../Engine/Content/EngineMaterials/BaseFlattenGrayscaleMap_VT.uasset" 636
"../../../Engine/Content/EngineMaterials/BaseFlattenGrayscaleMap_VT.uexp" 637
"../../../Engine/Content/EngineMaterials/BaseFlattenLinearColor_VT.uasset" 638
"../../../Engine/Content/EngineMaterials/BaseFlattenLinearColor_VT.uexp" 639
"../../../Engine/Content/EngineMaterials/BaseFlattenNormalMap_VT.uasset" 640
"../../../Engine/Content/EngineMaterials/BaseFlattenNormalMap_VT.uexp" 641
"../../../Engine/Content/EngineMaterials/Black_1x1_EXR_Texture_VT.uasset" 642
"../../../Engine/Content/EngineMaterials/Black_1x1_EXR_Texture_VT.uexp" 643
"../../../Engine/Content/EngineMaterials/FlattenMaterial_WS_Normal_VT.uasset" 644
"../../../Engine/Content/EngineMaterials/FlattenMaterial_WS_Normal_VT.uexp" 645
"../../../Engine/Content/EngineMaterials/FlattenMaterial_VT.uasset" 646
"../../../Engine/Content/EngineMaterials/FlattenMaterial_VT.uexp" 647
"../../../Engine/Content/EngineMaterials/BaseFlattenDiffuseMap.uasset" 648
"../../../Engine/Content/EngineMaterials/BaseFlattenDiffuseMap.uexp" 649
"../../../Engine/Content/EngineMaterials/BaseFlattenEmissiveMap.uasset" 650
"../../../Engine/Content/EngineMaterials/BaseFlattenEmissiveMap.uexp" 651
"../../../Engine/Content/EngineMaterials/BaseFlattenGrayscaleMap.uasset" 652
"../../../Engine/Content/EngineMaterials/BaseFlattenGrayscaleMap.uexp" 653
"../../../Engine/Content/EngineMaterials/BaseFlattenLinearColor.uasset" 654
"../../../Engine/Content/EngineMaterials/BaseFlattenLinearColor.uexp" 655
"../../../Engine/Content/EngineMaterials/BaseFlattenNormalMap.uasset" 656
"../../../Engine/Content/EngineMaterials/BaseFlattenNormalMap.uexp" 657
"../../../Engine/Content/Functions/Engine_MaterialFunctions02/PivotPainter2/Black_1x1_EXR_Texture.uasset" 658
"../../../Engine/Content/Functions/Engine_MaterialFunctions02/PivotPainter2/Black_1x1_EXR_Texture.uexp" 659
"../../../Engine/Content/EngineMaterials/FlattenMaterial.uasset" 660
"../../../Engine/Content/EngineMaterials/FlattenMaterial.uexp" 661
"../../../Engine/Content/EngineMaterials/FastBlueNoise_vec2_128x128x64.uasset" 662
"../../../Engine/Content/EngineMaterials/FastBlueNoise_vec2_128x128x64.uexp" 663
"../../../Engine/Plugins/Interchange/Assets/Content/Functions/MX_UsdPreviewSurface.uasset" 664
"../../../Engine/Plugins/Interchange/Assets/Content/Functions/MX_UsdPreviewSurface.uexp" 665
"../../../Engine/Plugins/Interchange/Assets/Content/Functions/MX_UniformEDF.uasset" 666
"../../../Engine/Plugins/Interchange/Assets/Content/Functions/MX_UniformEDF.uexp" 667
"../../../Engine/Content/EngineMaterials/FastBlueNoise_scalar_128x128x8.uasset" 668
"../../../Engine/Content/EngineMaterials/FastBlueNoise_scalar_128x128x8.uexp" 669
"../../../Engine/Content/EngineMaterials/FastBlueNoise_scalar_128x128x64.uasset" 670
"../../../Engine/Content/EngineMaterials/FastBlueNoise_scalar_128x128x64.uexp" 671
"../../../Engine/Plugins/Interchange/Assets/Content/Functions/MX_TranslucentBSDF.uasset" 672
"../../../Engine/Plugins/Interchange/Assets/Content/Functions/MX_TranslucentBSDF.uexp" 673
"../../../Engine/Content/EngineMaterials/DefaultWhiteGrid_Low.uasset" 674
"../../../Engine/Content/EngineMaterials/DefaultWhiteGrid_Low.uexp" 675
"../../../Engine/Content/EngineMaterials/EmissiveMeshMaterial.uasset" 676
"../../../Engine/Content/EngineMaterials/EmissiveMeshMaterial.uexp" 677
"../../../Engine/Plugins/Interchange/Assets/Content/Functions/MX_SurfaceUnlit.uasset" 678
"../../../Engine/Plugins/Interchange/Assets/Content/Functions/MX_SurfaceUnlit.uexp" 679
"../../../Engine/Plugins/Interchange/Assets/Content/Functions/MX_Surface.uasset" 680
"../../../Engine/Plugins/Interchange/Assets/Content/Functions/MX_Surface.uexp" 681
"../../../Engine/Plugins/Interchange/Assets/Content/Functions/MX_SubsurfaceBSDF.uasset" 682
"../../../Engine/Plugins/Interchange/Assets/Content/Functions/MX_SubsurfaceBSDF.uexp" 683
"../../../Engine/Content/EngineMaterials/DefaultWhiteGrid.ubulk" 684
"../../../Engine/Content/EngineMaterials/DefaultWhiteGrid.uasset" 685
"../../../Engine/Content/EngineMaterials/DefaultWhiteGrid.uexp" 686
"../../../Engine/Content/EngineFonts/RobotoDistanceField.uasset" 687
"../../../Engine/Content/EngineFonts/RobotoDistanceField.uexp" 688
"../../../Engine/Content/EngineMaterials/DefaultTextMaterialOpaque.uasset" 689
"../../../Engine/Content/EngineMaterials/DefaultTextMaterialOpaque.uexp" 690
"../../../Engine/Plugins/Interchange/Assets/Content/Functions/MX_SheenBSDF.uasset" 691
"../../../Engine/Plugins/Interchange/Assets/Content/Functions/MX_SheenBSDF.uexp" 692
"../../../Engine/Content/EngineMaterials/DefaultPostProcessMaterial.uasset" 693
"../../../Engine/Content/EngineMaterials/DefaultPostProcessMaterial.uexp" 694
"../../../Engine/Plugins/Interchange/Assets/Content/Functions/MX_OrenNayarBSDF.uasset" 695
"../../../Engine/Plugins/Interchange/Assets/Content/Functions/MX_OrenNayarBSDF.uexp" 696
"../../../Engine/Content/EngineMaterials/DefaultLightFunctionMaterial.uasset" 697
"../../../Engine/Content/EngineMaterials/DefaultLightFunctionMaterial.uexp" 698
"../../../Engine/Plugins/Interchange/Assets/Content/Functions/MX_StandardSurface.uasset" 699
"../../../Engine/Plugins/Interchange/Assets/Content/Functions/MX_StandardSurface.uexp" 700
"../../../Engine/Plugins/Interchange/Assets/Content/Functions/MX_TransmissionSurface.uasset" 701
"../../../Engine/Plugins/Interchange/Assets/Content/Functions/MX_TransmissionSurface.uexp" 702
"../../../Engine/Plugins/Interchange/Assets/Content/Functions/MX_OpenPBR_Translucent.uasset" 703
"../../../Engine/Plugins/Interchange/Assets/Content/Functions/MX_OpenPBR_Translucent.uexp" 704
"../../../Engine/Plugins/Interchange/Assets/Content/Functions/MX_OpenPBR_Opaque.uasset" 705
"../../../Engine/Plugins/Interchange/Assets/Content/Functions/MX_OpenPBR_Opaque.uexp" 706
"../../../Engine/Plugins/Interchange/Assets/Content/Functions/MX_MeasuredEDF.uasset" 707
"../../../Engine/Plugins/Interchange/Assets/Content/Functions/MX_MeasuredEDF.uexp" 708
"../../../Engine/Content/EngineMaterials/DefaultDeferredDecalMaterial.uasset" 709
"../../../Engine/Content/EngineMaterials/DefaultDeferredDecalMaterial.uexp" 710
"../../../Engine/Plugins/Interchange/Assets/Content/Functions/MX_GeneralizedSchlickBSDF.uasset" 711
"../../../Engine/Plugins/Interchange/Assets/Content/Functions/MX_GeneralizedSchlickBSDF.uexp" 712
"../../../Engine/Plugins/Interchange/Assets/Content/Functions/MX_Displacement.uasset" 713
"../../../Engine/Plugins/Interchange/Assets/Content/Functions/MX_Displacement.uexp" 714
"../../../Engine/Plugins/Interchange/Assets/Content/Functions/MX_DielectricBSDF.uasset" 715
"../../../Engine/Plugins/Interchange/Assets/Content/Functions/MX_DielectricBSDF.uexp" 716
"../../../Engine/Content/EngineMaterials/DefaultBokeh.uasset" 717
"../../../Engine/Content/EngineMaterials/DefaultBokeh.uexp" 718
"../../../Engine/Plugins/Interchange/Assets/Content/Functions/MX_ConicalEDF.uasset" 719
"../../../Engine/Plugins/Interchange/Assets/Content/Functions/MX_ConicalEDF.uexp" 720
"../../../Engine/Plugins/Interchange/Assets/Content/Functions/MX_ConductorBSDF.uasset" 721
"../../../Engine/Plugins/Interchange/Assets/Content/Functions/MX_ConductorBSDF.uexp" 722
"../../../Engine/Content/EngineMaterials/DefaultBloomKernel.uasset" 723
"../../../Engine/Content/EngineMaterials/DefaultBloomKernel.uexp" 724
"../../../Engine/Plugins/Interchange/Assets/Content/Functions/MX_ChiangHairBSDF.uasset" 725
"../../../Engine/Plugins/Interchange/Assets/Content/Functions/MX_ChiangHairBSDF.uexp" 726
"../../../Engine/Plugins/Interchange/Assets/Content/Functions/MX_BurleyDiffuseBSDF.uasset" 727
"../../../Engine/Plugins/Interchange/Assets/Content/Functions/MX_BurleyDiffuseBSDF.uexp" 728
"../../../Engine/Plugins/Interchange/Assets/Content/Functions/MX_AnisotropicVDF.uasset" 729
"../../../Engine/Plugins/Interchange/Assets/Content/Functions/MX_AnisotropicVDF.uexp" 730
"../../../Engine/Plugins/Interchange/Assets/Content/Functions/MX_AbsorptionVDF.uasset" 731
"../../../Engine/Plugins/Interchange/Assets/Content/Functions/MX_AbsorptionVDF.uexp" 732
"../../../Engine/Content/EngineDebugMaterials/VolumeToRender.uasset" 733
"../../../Engine/Content/EngineDebugMaterials/VolumeToRender.uexp" 734
"../../../Engine/Content/EngineDebugMaterials/M_VolumeRenderSphereTracePP.uasset" 735
"../../../Engine/Content/EngineDebugMaterials/M_VolumeRenderSphereTracePP.uexp" 736
"../../../Engine/Content/EngineDebugMaterials/M_SimpleUnlitTranslucent.uasset" 737
"../../../Engine/Content/EngineDebugMaterials/M_SimpleUnlitTranslucent.uexp" 738
"../../../Engine/Content/EngineDebugMaterials/DebugMeshMaterial.uasset" 739
"../../../Engine/Content/EngineDebugMaterials/DebugMeshMaterial.uexp" 740
"../../../Engine/Content/EngineDebugMaterials/DebugEditorMaterial.uasset" 741
"../../../Engine/Content/EngineDebugMaterials/DebugEditorMaterial.uexp" 742
"../../../Engine/Content/EngineDamageTypes/DmgTypeBP_Environmental.uasset" 743
"../../../Engine/Content/EngineDamageTypes/DmgTypeBP_Environmental.uexp" 744
"../../../Engine/Content/EditorResources/S_TriggerSphere.uasset" 745
"../../../Engine/Content/EditorResources/S_TriggerSphere.uexp" 746
"../../../Engine/Content/EditorResources/S_TriggerCapsule.uasset" 747
"../../../Engine/Content/EditorResources/S_TriggerCapsule.uexp" 748
"../../../Engine/Content/EditorResources/S_TriggerBox.uasset" 749
"../../../Engine/Content/EditorResources/S_TriggerBox.uexp" 750
"../../../Engine/Content/EditorResources/S_Trigger.ubulk" 751
"../../../Engine/Content/EditorResources/S_Trigger.uasset" 752
"../../../Engine/Content/EditorResources/S_Trigger.uexp" 753
"../../../Engine/Content/EditorResources/S_Terrain.ubulk" 754
"../../../Engine/Content/EditorResources/S_Terrain.uasset" 755
"../../../Engine/Content/EditorResources/S_Terrain.uexp" 756
"../../../Engine/Content/EditorResources/S_Solver.ubulk" 757
"../../../Engine/Content/EditorResources/S_Solver.uasset" 758
"../../../Engine/Content/EditorResources/S_Solver.uexp" 759
"../../../Engine/Content/EditorResources/S_BoxReflectionCapture.uasset" 760
"../../../Engine/Content/EditorResources/S_BoxReflectionCapture.uexp" 761
"../../../Engine/Content/EditorResources/S_Actor.ubulk" 762
"../../../Engine/Content/EditorResources/S_Actor.uasset" 763
"../../../Engine/Content/EditorResources/S_Actor.uexp" 764
"../../../Engine/Content/EditorResources/BSPVertex.uasset" 765
"../../../Engine/Content/EditorResources/BSPVertex.uexp" 766
"../../../Engine/Content/Functions/Engine_MaterialFunctions02/Utility/VectorLength.uasset" 767
"../../../Engine/Content/Functions/Engine_MaterialFunctions02/Utility/VectorLength.uexp" 768
"../../../Engine/Plugins/Experimental/MeshModelingToolsetExp/Content/Materials/GetDisplacementVectorForDepthBias.uasset" 769
"../../../Engine/Plugins/Experimental/MeshModelingToolsetExp/Content/Materials/GetDisplacementVectorForDepthBias.uexp" 770
"../../../Engine/Content/Functions/Engine_MaterialFunctions03/Viewport/MF_OrthoWidth.uasset" 771
"../../../Engine/Content/Functions/Engine_MaterialFunctions03/Viewport/MF_OrthoWidth.uexp" 772
"../../../Engine/Content/Functions/Engine_MaterialFunctions02/Utility/FOV.uasset" 773
"../../../Engine/Content/Functions/Engine_MaterialFunctions02/Utility/FOV.uexp" 774
"../../../Engine/Content/Functions/Engine_MaterialFunctions02/WorldPositionOffset/V2/ObjectScale.uasset" 775
"../../../Engine/Content/Functions/Engine_MaterialFunctions02/WorldPositionOffset/V2/ObjectScale.uexp" 776
"../../../Engine/Plugins/Experimental/MeshModelingToolsetExp/Content/Materials/PointSetOverlaidComponentMaterial.uasset" 777
"../../../Engine/Plugins/Experimental/MeshModelingToolsetExp/Content/Materials/PointSetOverlaidComponentMaterial.uexp" 778
"../../../Engine/Content/EditorMaterials/PreviewShadowIndicator.ubulk" 779
"../../../Engine/Content/EditorMaterials/PreviewShadowIndicator.uasset" 780
"../../../Engine/Content/EditorMaterials/PreviewShadowIndicator.uexp" 781
"../../../Engine/Content/EditorMaterials/PreviewShadowIndicatorMaterial.uasset" 782
"../../../Engine/Content/EditorMaterials/PreviewShadowIndicatorMaterial.uexp" 783
"../../../Engine/Content/EditorMaterials/PhAT_UnselectedMaterial.uasset" 784
"../../../Engine/Content/EditorMaterials/PhAT_UnselectedMaterial.uexp" 785
"../../../Engine/Content/EditorMaterials/PhAT_NoCollisionMaterial.uasset" 786
"../../../Engine/Content/EditorMaterials/PhAT_NoCollisionMaterial.uexp" 787
"../../../Engine/Content/Functions/Engine_MaterialFunctions02/WorldPositionOffset/ObjectScale.uasset" 788
"../../../Engine/Content/Functions/Engine_MaterialFunctions02/WorldPositionOffset/ObjectScale.uexp" 789
"../../../Engine/Plugins/Editor/SpeedTreeImporter/Content/SpeedTree9/Empty.uasset" 790
"../../../Engine/Plugins/Editor/SpeedTreeImporter/Content/SpeedTree9/Empty.uexp" 791
"../../../Engine/Plugins/Editor/SpeedTreeImporter/Content/SpeedTree9/EmptyNormal.uasset" 792
"../../../Engine/Plugins/Editor/SpeedTreeImporter/Content/SpeedTree9/EmptyNormal.uexp" 793
"../../../Engine/Plugins/Editor/SpeedTreeImporter/Content/SpeedTree9/game_wind_noise.ubulk" 794
"../../../Engine/Plugins/Editor/SpeedTreeImporter/Content/SpeedTree9/game_wind_noise.uasset" 795
"../../../Engine/Plugins/Editor/SpeedTreeImporter/Content/SpeedTree9/game_wind_noise.uexp" 796
"../../../Engine/Content/Functions/Engine_MaterialFunctions02/SafeNormalize.uasset" 797
"../../../Engine/Content/Functions/Engine_MaterialFunctions02/SafeNormalize.uexp" 798
"../../../Engine/Plugins/Editor/SpeedTreeImporter/Content/SpeedTree9/SpeedTreeWindMotion.uasset" 799
"../../../Engine/Plugins/Editor/SpeedTreeImporter/Content/SpeedTree9/SpeedTreeWindMotion.uexp" 800
"../../../Engine/Plugins/Editor/SpeedTreeImporter/Content/SpeedTree9/UnpackDirection.uasset" 801
"../../../Engine/Plugins/Editor/SpeedTreeImporter/Content/SpeedTree9/UnpackDirection.uexp" 802
"../../../Engine/Plugins/Editor/SpeedTreeImporter/Content/SpeedTree9/UnpackInteger3.uasset" 803
"../../../Engine/Plugins/Editor/SpeedTreeImporter/Content/SpeedTree9/UnpackInteger3.uexp" 804
"../../../Engine/Plugins/Editor/SpeedTreeImporter/Content/SpeedTree9/SpeedTreeBranchMotion.uasset" 805
"../../../Engine/Plugins/Editor/SpeedTreeImporter/Content/SpeedTree9/SpeedTreeBranchMotion.uexp" 806
"../../../Engine/Content/Functions/Engine_MaterialFunctions02/ObjectLocalBounds.uasset" 807
"../../../Engine/Content/Functions/Engine_MaterialFunctions02/ObjectLocalBounds.uexp" 808
"../../../Engine/Content/Functions/Engine_MaterialFunctions02/UVs/BoundingBoxBased_0-1_UVW.uasset" 809
"../../../Engine/Content/Functions/Engine_MaterialFunctions02/UVs/BoundingBoxBased_0-1_UVW.uexp" 810
"../../../Engine/Plugins/Editor/SpeedTreeImporter/Content/SpeedTree9/SpeedTreeWind.uasset" 811
"../../../Engine/Plugins/Editor/SpeedTreeImporter/Content/SpeedTree9/SpeedTreeWind.uexp" 812
"../../../Engine/Plugins/Editor/SpeedTreeImporter/Content/SpeedTree9/SpeedTreeCameraFacing.uasset" 813
"../../../Engine/Plugins/Editor/SpeedTreeImporter/Content/SpeedTree9/SpeedTreeCameraFacing.uexp" 814
"../../../Engine/Plugins/Editor/SpeedTreeImporter/Content/SpeedTree9/SpeedTreeMaster.uasset" 815
"../../../Engine/Plugins/Editor/SpeedTreeImporter/Content/SpeedTree9/SpeedTreeMaster.uexp" 816
"../../../Engine/Plugins/Editor/SpeedTreeImporter/Content/SpeedTree9/SpeedTreeBillboard.uasset" 817
"../../../Engine/Plugins/Editor/SpeedTreeImporter/Content/SpeedTree9/SpeedTreeBillboard.uexp" 818
"../../../Engine/Plugins/Editor/SpeedTreeImporter/Content/SpeedTree9/SpeedTreeBillboardMaster.uasset" 819
"../../../Engine/Plugins/Editor/SpeedTreeImporter/Content/SpeedTree9/SpeedTreeBillboardMaster.uexp" 820
"../../../Engine/Plugins/Animation/ControlRig/Content/Controls/ControlRig_Wedge_solid.ubulk" 821
"../../../Engine/Plugins/Animation/ControlRig/Content/Controls/ControlRig_Wedge_solid.uasset" 822
"../../../Engine/Plugins/Animation/ControlRig/Content/Controls/ControlRig_Wedge_solid.uexp" 823
"../../../Engine/Plugins/Animation/ControlRig/Content/Controls/ControlRig_Wedge_3mm.ubulk" 824
"../../../Engine/Plugins/Animation/ControlRig/Content/Controls/ControlRig_Wedge_3mm.uasset" 825
"../../../Engine/Plugins/Animation/ControlRig/Content/Controls/ControlRig_Wedge_3mm.uexp" 826
"../../../Engine/Plugins/Animation/ControlRig/Content/Controls/ControlRig_Wedge_1mm.ubulk" 827
"../../../Engine/Plugins/Animation/ControlRig/Content/Controls/ControlRig_Wedge_1mm.uasset" 828
"../../../Engine/Plugins/Animation/ControlRig/Content/Controls/ControlRig_Wedge_1mm.uexp" 829
"../../../Engine/Plugins/Animation/ControlRig/Content/Controls/ControlRig_Triangle_solid.ubulk" 830
"../../../Engine/Plugins/Animation/ControlRig/Content/Controls/ControlRig_Triangle_solid.uasset" 831
"../../../Engine/Plugins/Animation/ControlRig/Content/Controls/ControlRig_Triangle_solid.uexp" 832
"../../../Engine/Plugins/Animation/ControlRig/Content/Controls/ControlRig_Triangle_3mm.ubulk" 833
"../../../Engine/Plugins/Animation/ControlRig/Content/Controls/ControlRig_Triangle_3mm.uasset" 834
"../../../Engine/Plugins/Animation/ControlRig/Content/Controls/ControlRig_Triangle_3mm.uexp" 835
"../../../Engine/Plugins/Animation/ControlRig/Content/Controls/ControlRig_Triangle_1mm.ubulk" 836
"../../../Engine/Plugins/Animation/ControlRig/Content/Controls/ControlRig_Triangle_1mm.uasset" 837
"../../../Engine/Plugins/Animation/ControlRig/Content/Controls/ControlRig_Triangle_1mm.uexp" 838
"../../../Engine/Plugins/Animation/ControlRig/Content/Controls/ControlRig_Star4_solid.ubulk" 839
"../../../Engine/Plugins/Animation/ControlRig/Content/Controls/ControlRig_Star4_solid.uasset" 840
"../../../Engine/Plugins/Animation/ControlRig/Content/Controls/ControlRig_Star4_solid.uexp" 841
"../../../Engine/Plugins/Animation/ControlRig/Content/Controls/ControlRig_Star4_3mm.ubulk" 842
"../../../Engine/Plugins/Animation/ControlRig/Content/Controls/ControlRig_Star4_3mm.uasset" 843
"../../../Engine/Plugins/Animation/ControlRig/Content/Controls/ControlRig_Star4_3mm.uexp" 844
"../../../Engine/Plugins/Animation/ControlRig/Content/Controls/ControlRig_Star4_1mm.ubulk" 845
"../../../Engine/Plugins/Animation/ControlRig/Content/Controls/ControlRig_Star4_1mm.uasset" 846
"../../../Engine/Plugins/Animation/ControlRig/Content/Controls/ControlRig_Star4_1mm.uexp" 847
"../../../Engine/Plugins/Animation/ControlRig/Content/Controls/ControlRig_Square_solid.ubulk" 848
"../../../Engine/Plugins/Animation/ControlRig/Content/Controls/ControlRig_Square_solid.uasset" 849
"../../../Engine/Plugins/Animation/ControlRig/Content/Controls/ControlRig_Square_solid.uexp" 850
"../../../Engine/Plugins/Animation/ControlRig/Content/Controls/ControlRig_Square_3mm.ubulk" 851
"../../../Engine/Plugins/Animation/ControlRig/Content/Controls/ControlRig_Square_3mm.uasset" 852
"../../../Engine/Plugins/Animation/ControlRig/Content/Controls/ControlRig_Square_3mm.uexp" 853
"../../../Engine/Plugins/Animation/ControlRig/Content/Controls/ControlRig_Square_1mm.ubulk" 854
"../../../Engine/Plugins/Animation/ControlRig/Content/Controls/ControlRig_Square_1mm.uasset" 855
"../../../Engine/Plugins/Animation/ControlRig/Content/Controls/ControlRig_Square_1mm.uexp" 856
"../../../Engine/Plugins/Animation/ControlRig/Content/Controls/ControlRig_Sphere_solid.ubulk" 857
"../../../Engine/Plugins/Animation/ControlRig/Content/Controls/ControlRig_Sphere_solid.uasset" 858
"../../../Engine/Plugins/Animation/ControlRig/Content/Controls/ControlRig_Sphere_solid.uexp" 859
"../../../Engine/Plugins/Animation/ControlRig/Content/Controls/ControlRig_Sphere_3mm.ubulk" 860
"../../../Engine/Plugins/Animation/ControlRig/Content/Controls/ControlRig_Sphere_3mm.uasset" 861
"../../../Engine/Plugins/Animation/ControlRig/Content/Controls/ControlRig_Sphere_3mm.uexp" 862
"../../../Engine/Plugins/Animation/ControlRig/Content/Controls/ControlRig_Sphere_1mm.ubulk" 863
"../../../Engine/Plugins/Animation/ControlRig/Content/Controls/ControlRig_Sphere_1mm.uasset" 864
"../../../Engine/Plugins/Animation/ControlRig/Content/Controls/ControlRig_Sphere_1mm.uexp" 865
"../../../Engine/Plugins/Animation/ControlRig/Content/Controls/ControlRig_RoundedTriangle_solid.ubulk" 866
"../../../Engine/Plugins/Animation/ControlRig/Content/Controls/ControlRig_RoundedTriangle_solid.uasset" 867
"../../../Engine/Plugins/Animation/ControlRig/Content/Controls/ControlRig_RoundedTriangle_solid.uexp" 868
"../../../Engine/Plugins/Animation/ControlRig/Content/Controls/ControlRig_RoundedTriangle_3mm.ubulk" 869
"../../../Engine/Plugins/Animation/ControlRig/Content/Controls/ControlRig_RoundedTriangle_3mm.uasset" 870
"../../../Engine/Plugins/Animation/ControlRig/Content/Controls/ControlRig_RoundedTriangle_3mm.uexp" 871
"../../../Engine/Plugins/Animation/ControlRig/Content/Controls/ControlRig_RoundedTriangle_1mm.ubulk" 872
"../../../Engine/Plugins/Animation/ControlRig/Content/Controls/ControlRig_RoundedTriangle_1mm.uasset" 873
"../../../Engine/Plugins/Animation/ControlRig/Content/Controls/ControlRig_RoundedTriangle_1mm.uexp" 874
"../../../Engine/Content/EngineMaterials/Substrate/Volume/SubstrateSimpleVolumeLUT3D.uasset" 875
"../../../Engine/Content/EngineMaterials/Substrate/Volume/SubstrateSimpleVolumeLUT3D.uexp" 876
"../../../Engine/Plugins/Animation/ControlRig/Content/Controls/ControlRig_RoundedSquare_solid.ubulk" 877
"../../../Engine/Plugins/Animation/ControlRig/Content/Controls/ControlRig_RoundedSquare_solid.uasset" 878
"../../../Engine/Plugins/Animation/ControlRig/Content/Controls/ControlRig_RoundedSquare_solid.uexp" 879
"../../../Engine/Plugins/Animation/ControlRig/Content/Controls/ControlRig_RoundedSquare_3mm.ubulk" 880
"../../../Engine/Plugins/Animation/ControlRig/Content/Controls/ControlRig_RoundedSquare_3mm.uasset" 881
"../../../Engine/Plugins/Animation/ControlRig/Content/Controls/ControlRig_RoundedSquare_3mm.uexp" 882
"../../../Engine/Plugins/Animation/ControlRig/Content/Controls/ControlRig_RoundedSquare_1mm.ubulk" 883
"../../../Engine/Plugins/Animation/ControlRig/Content/Controls/ControlRig_RoundedSquare_1mm.uasset" 884
"../../../Engine/Plugins/Animation/ControlRig/Content/Controls/ControlRig_RoundedSquare_1mm.uexp" 885
"../../../Engine/Plugins/Animation/ControlRig/Content/Controls/ControlRig_QuarterCircle_solid.ubulk" 886
"../../../Engine/Plugins/Animation/ControlRig/Content/Controls/ControlRig_QuarterCircle_solid.uasset" 887
"../../../Engine/Plugins/Animation/ControlRig/Content/Controls/ControlRig_QuarterCircle_solid.uexp" 888
"../../../Engine/Plugins/Animation/ControlRig/Content/Controls/ControlRig_QuarterCircle_3mm.ubulk" 889
"../../../Engine/Plugins/Animation/ControlRig/Content/Controls/ControlRig_QuarterCircle_3mm.uasset" 890
"../../../Engine/Plugins/Animation/ControlRig/Content/Controls/ControlRig_QuarterCircle_3mm.uexp" 891
"../../../Engine/Plugins/Animation/ControlRig/Content/Controls/ControlRig_QuarterCircle_1mm.ubulk" 892
"../../../Engine/Plugins/Animation/ControlRig/Content/Controls/ControlRig_QuarterCircle_1mm.uasset" 893
"../../../Engine/Plugins/Animation/ControlRig/Content/Controls/ControlRig_QuarterCircle_1mm.uexp" 894
"../../../Engine/Plugins/Animation/ControlRig/Content/Controls/ControlRig_Pyramid_solid.ubulk" 895
"../../../Engine/Plugins/Animation/ControlRig/Content/Controls/ControlRig_Pyramid_solid.uasset" 896
"../../../Engine/Plugins/Animation/ControlRig/Content/Controls/ControlRig_Pyramid_solid.uexp" 897
"../../../Engine/Plugins/Animation/ControlRig/Content/Controls/ControlRig_Pyramid_3mm.ubulk" 898
"../../../Engine/Plugins/Animation/ControlRig/Content/Controls/ControlRig_Pyramid_3mm.uasset" 899
"../../../Engine/Plugins/Animation/ControlRig/Content/Controls/ControlRig_Pyramid_3mm.uexp" 900
"../../../Engine/Plugins/Animation/ControlRig/Content/Controls/ControlRig_Pyramid_1mm.ubulk" 901
"../../../Engine/Plugins/Animation/ControlRig/Content/Controls/ControlRig_Pyramid_1mm.uasset" 902
"../../../Engine/Plugins/Animation/ControlRig/Content/Controls/ControlRig_Pyramid_1mm.uexp" 903
"../../../Engine/Plugins/Animation/ControlRig/Content/Controls/ControlRig_Octagon_solid.ubulk" 904
"../../../Engine/Plugins/Animation/ControlRig/Content/Controls/ControlRig_Octagon_solid.uasset" 905
"../../../Engine/Plugins/Animation/ControlRig/Content/Controls/ControlRig_Octagon_solid.uexp" 906
"../../../Engine/Plugins/Animation/ControlRig/Content/Controls/ControlRig_Octagon_3mm.ubulk" 907
"../../../Engine/Plugins/Animation/ControlRig/Content/Controls/ControlRig_Octagon_3mm.uasset" 908
"../../../Engine/Plugins/Animation/ControlRig/Content/Controls/ControlRig_Octagon_3mm.uexp" 909
"../../../Engine/Plugins/Animation/ControlRig/Content/Controls/ControlRig_Octagon_1mm.ubulk" 910
"../../../Engine/Plugins/Animation/ControlRig/Content/Controls/ControlRig_Octagon_1mm.uasset" 911
"../../../Engine/Plugins/Animation/ControlRig/Content/Controls/ControlRig_Octagon_1mm.uexp" 912
"../../../Engine/Content/Functions/Engine_MaterialFunctions01/Shading/PowerToRoughness.uasset" 913
"../../../Engine/Content/Functions/Engine_MaterialFunctions01/Shading/PowerToRoughness.uexp" 914
"../../../Engine/Content/EngineMaterials/Substrate/Volume/SubstrateSimpleVolumeEnvLUT3D.uasset" 915
"../../../Engine/Content/EngineMaterials/Substrate/Volume/SubstrateSimpleVolumeEnvLUT3D.uexp" 916
"../../../Engine/Plugins/Animation/DeformerGraph/Content/DeformerFunctions/DG_Function_ComputeNormalsTangents.uasset" 917
"../../../Engine/Plugins/Animation/DeformerGraph/Content/DeformerFunctions/DG_Function_ComputeNormalsTangents.uexp" 918
"../../../Engine/Plugins/Animation/DeformerGraph/Content/DeformerFunctions/DG_Function_LinearBlendSkin_Morph_Cloth_PositionOnly.uasset" 919
"../../../Engine/Plugins/Animation/DeformerGraph/Content/DeformerFunctions/DG_Function_LinearBlendSkin_Morph_Cloth_PositionOnly.uexp" 920
"../../../Engine/Plugins/Animation/DeformerGraph/Content/Deformers/DG_LinearBlendSkin_Morph_Cloth_RecomputeNormals.uasset" 921
"../../../Engine/Plugins/Animation/DeformerGraph/Content/Deformers/DG_LinearBlendSkin_Morph_Cloth_RecomputeNormals.uexp" 922
"../../../Engine/Plugins/Animation/DeformerGraph/Content/DeformerFunctions/DG_Function_LinearBlendSkin_Morph_Cloth.uasset" 923
"../../../Engine/Plugins/Animation/DeformerGraph/Content/DeformerFunctions/DG_Function_LinearBlendSkin_Morph_Cloth.uexp" 924
"../../../Engine/Plugins/Animation/DeformerGraph/Content/Deformers/DG_LinearBlendSkin_Morph_Cloth.uasset" 925
"../../../Engine/Plugins/Animation/DeformerGraph/Content/Deformers/DG_LinearBlendSkin_Morph_Cloth.uexp" 926
"../../../Engine/Plugins/NNE/NNEDenoiser/Content/NNED_Oidn2-3_HighQuality_Alpha.uasset" 927
"../../../Engine/Plugins/NNE/NNEDenoiser/Content/NNED_Oidn2-3_HighQuality_Alpha.uexp" 928
"../../../Engine/Plugins/NNE/NNEDenoiser/Content/NNED_Oidn2-3_HighQuality.uasset" 929
"../../../Engine/Plugins/NNE/NNEDenoiser/Content/NNED_Oidn2-3_HighQuality.uexp" 930
"../../../Engine/Plugins/NNE/NNEDenoiser/Content/NNED_Oidn2-3_Fast_Alpha.uasset" 931
"../../../Engine/Plugins/NNE/NNEDenoiser/Content/NNED_Oidn2-3_Fast_Alpha.uexp" 932
"../../../Engine/Plugins/NNE/NNEDenoiser/Content/NNED_Oidn2-3_Fast.uasset" 933
"../../../Engine/Plugins/NNE/NNEDenoiser/Content/NNED_Oidn2-3_Fast.uexp" 934
"../../../Engine/Plugins/NNE/NNEDenoiser/Content/NNED_Oidn2-3_Balanced_Alpha.uasset" 935
"../../../Engine/Plugins/NNE/NNEDenoiser/Content/NNED_Oidn2-3_Balanced_Alpha.uexp" 936
"../../../Engine/Plugins/NNE/NNEDenoiser/Content/NNED_Oidn2-3_Balanced.uasset" 937
"../../../Engine/Plugins/NNE/NNEDenoiser/Content/NNED_Oidn2-3_Balanced.uexp" 938
"../../../Engine/Plugins/NNE/NNEDenoiser/Content/NNEDT_Oidn2-3_Balanced_Alpha.uasset" 939
"../../../Engine/Plugins/NNE/NNEDenoiser/Content/NNEDT_Oidn2-3_Balanced_Alpha.uexp" 940
"../../../Engine/Plugins/NNE/NNEDenoiser/Content/NNEDT_Oidn2-3_Balanced.uasset" 941
"../../../Engine/Plugins/NNE/NNEDenoiser/Content/NNEDT_Oidn2-3_Balanced.uexp" 942
"../../../Engine/Content/BasicShapes/Cube.ubulk" 943
"../../../Engine/Content/BasicShapes/Cube.uasset" 944
"../../../Engine/Content/BasicShapes/Cube.uexp" 945
"../../../Engine/Content/EditorLandscapeResources/MF_ThicknessOutline.uasset" 946
"../../../Engine/Content/EditorLandscapeResources/MF_ThicknessOutline.uexp" 947
"../../../Engine/Content/Functions/Engine_MaterialFunctions03/Math/RemapValueRangeNormalized.uasset" 948
"../../../Engine/Content/Functions/Engine_MaterialFunctions03/Math/RemapValueRangeNormalized.uexp" 949
"../../../Engine/Content/EditorLandscapeResources/CircleBrushMaterial.uasset" 950
"../../../Engine/Content/EditorLandscapeResources/CircleBrushMaterial.uexp" 951
"../../../Engine/Content/EditorLandscapeResources/CircleBrushMaterial_Smooth.uasset" 952
"../../../Engine/Content/EditorLandscapeResources/CircleBrushMaterial_Smooth.uexp" 953
"../../../Engine/Content/EngineSky/T_Sky_Blue.ubulk" 954
"../../../Engine/Content/EngineSky/T_Sky_Blue.uasset" 955
"../../../Engine/Content/EngineSky/T_Sky_Blue.uexp" 956
"../../../Engine/Content/EngineSky/T_Sky_Clouds_M.ubulk" 957
"../../../Engine/Content/EngineSky/T_Sky_Clouds_M.uasset" 958
"../../../Engine/Content/EngineSky/T_Sky_Clouds_M.uexp" 959
"../../../Engine/Content/EngineSky/T_Sky_Stars.ubulk" 960
"../../../Engine/Content/EngineSky/T_Sky_Stars.uasset" 961
"../../../Engine/Content/EngineSky/T_Sky_Stars.uexp" 962
"../../../Engine/Content/EngineSky/M_Sky_Panning_Clouds2.uasset" 963
"../../../Engine/Content/EngineSky/M_Sky_Panning_Clouds2.uexp" 964
"../../../Engine/Content/EngineSky/SM_SkySphere.ubulk" 965
"../../../Engine/Content/EngineSky/SM_SkySphere.uasset" 966
"../../../Engine/Content/EngineSky/SM_SkySphere.uexp" 967
"../../../Engine/Content/EngineSky/M_SimpleSkyDome.uasset" 968
"../../../Engine/Content/EngineSky/M_SimpleSkyDome.uexp" 969
"../../../Engine/Content/MapTemplates/SM_Template_Map_Floor.ubulk" 970
"../../../Engine/Content/MapTemplates/SM_Template_Map_Floor.uasset" 971
"../../../Engine/Content/MapTemplates/SM_Template_Map_Floor.uexp" 972
"../../../Engine/Content/Functions/Engine_MaterialFunctions02/Utility/BreakOutFloat4Components.uasset" 973
"../../../Engine/Content/Functions/Engine_MaterialFunctions02/Utility/BreakOutFloat4Components.uexp" 974
"../../../Engine/Content/Functions/Engine_MaterialFunctions02/Utility/MakeFloat4.uasset" 975
"../../../Engine/Content/Functions/Engine_MaterialFunctions02/Utility/MakeFloat4.uexp" 976
"../../../Engine/Content/EngineResources/DefaultVolumeTexture2D.uasset" 977
"../../../Engine/Content/EngineResources/DefaultVolumeTexture2D.uexp" 978
"../../../Engine/Content/EngineResources/DefaultVolumeTexture.uasset" 979
"../../../Engine/Content/EngineResources/DefaultVolumeTexture.uexp" 980
"../../../Engine/Content/EngineSky/VolumetricClouds/VT_Lightning.uasset" 981
"../../../Engine/Content/EngineSky/VolumetricClouds/VT_Lightning.uexp" 982
"../../../Engine/Content/Functions/Engine_MaterialFunctions01/Units/Km-to-Cm.uasset" 983
"../../../Engine/Content/Functions/Engine_MaterialFunctions01/Units/Km-to-Cm.uexp" 984
"../../../Engine/Content/EngineSky/VolumetricClouds/m_SimpleVolumetricCloud.uasset" 985
"../../../Engine/Content/EngineSky/VolumetricClouds/m_SimpleVolumetricCloud.uexp" 986
"../../../Engine/Content/EngineSky/VolumetricClouds/T_CloudMask.ubulk" 987
"../../../Engine/Content/EngineSky/VolumetricClouds/T_CloudMask.uasset" 988
"../../../Engine/Content/EngineSky/VolumetricClouds/T_CloudMask.uexp" 989
"../../../Engine/Content/EngineSky/VolumetricClouds/T_CloudPattern.ubulk" 990
"../../../Engine/Content/EngineSky/VolumetricClouds/T_CloudPattern.uasset" 991
"../../../Engine/Content/EngineSky/VolumetricClouds/T_CloudPattern.uexp" 992
"../../../Engine/Content/EngineSky/VolumetricClouds/T_Profile_08.ubulk" 993
"../../../Engine/Content/EngineSky/VolumetricClouds/T_Profile_08.uasset" 994
"../../../Engine/Content/EngineSky/VolumetricClouds/T_Profile_08.uexp" 995
"../../../Engine/Content/EngineSky/VolumetricClouds/VT_PerlinWorley_Balanced.uasset" 996
"../../../Engine/Content/EngineSky/VolumetricClouds/VT_PerlinWorley_Balanced.uexp" 997
"../../../Engine/Content/EngineSky/VolumetricClouds/m_SimpleVolumetricCloud_Inst.uasset" 998
"../../../Engine/Content/EngineSky/VolumetricClouds/m_SimpleVolumetricCloud_Inst.uexp" 999
"Z:/UE_Projects/Second-Chance-FN/Content/Character/DetectiveYamamoto/Texture/Detective.uasset" 1000
"Z:/UE_Projects/Second-Chance-FN/Content/Character/DetectiveYamamoto/Texture/Detective.uexp" 1001
"Z:/UE_Projects/Second-Chance-FN/Content/Character/DetectiveYamamoto/Sprite/Detective_Sprite_0.uasset" 1002
"Z:/UE_Projects/Second-Chance-FN/Content/Character/DetectiveYamamoto/Sprite/Detective_Sprite_0.uexp" 1003
"Z:/UE_Projects/Second-Chance-FN/Content/Character/DetectiveYamamoto/Sprite/Detective_Sprite_1.uasset" 1004
"Z:/UE_Projects/Second-Chance-FN/Content/Character/DetectiveYamamoto/Sprite/Detective_Sprite_1.uexp" 1005
"Z:/UE_Projects/Second-Chance-FN/Content/Character/DetectiveYamamoto/Sprite/Detective_Sprite_2.uasset" 1006
"Z:/UE_Projects/Second-Chance-FN/Content/Character/DetectiveYamamoto/Sprite/Detective_Sprite_2.uexp" 1007
"Z:/UE_Projects/Second-Chance-FN/Content/Character/DetectiveYamamoto/FB_Detective_Idle.uasset" 1008
"Z:/UE_Projects/Second-Chance-FN/Content/Character/DetectiveYamamoto/FB_Detective_Idle.uexp" 1009
"Z:/UE_Projects/Second-Chance-FN/Content/Audio/Detective_in_the_Snow.ubulk" 1010
"Z:/UE_Projects/Second-Chance-FN/Content/Audio/Detective_in_the_Snow.uasset" 1011
"Z:/UE_Projects/Second-Chance-FN/Content/Audio/Detective_in_the_Snow.uexp" 1012
"Z:/UE_Projects/Second-Chance-FN/Content/Audio/MasterSoundClass.uasset" 1013
"Z:/UE_Projects/Second-Chance-FN/Content/Audio/MasterSoundClass.uexp" 1014
"Z:/UE_Projects/Second-Chance-FN/Content/Audio/Cues/Detective_in_the_Snow_Cue.uasset" 1015
"Z:/UE_Projects/Second-Chance-FN/Content/Audio/Cues/Detective_in_the_Snow_Cue.uexp" 1016
"../../../Engine/Plugins/2D/Paper2D/Content/PlaceholderTextures/FlatNormalMap.uasset" 1017
"../../../Engine/Plugins/2D/Paper2D/Content/PlaceholderTextures/FlatNormalMap.uexp" 1018
"../../../Engine/Plugins/2D/Paper2D/Content/DefaultLitSpriteMaterial.uasset" 1019
"../../../Engine/Plugins/2D/Paper2D/Content/DefaultLitSpriteMaterial.uexp" 1020
"../../../Engine/Plugins/2D/Paper2D/Content/MaskedLitSpriteMaterial.uasset" 1021
"../../../Engine/Plugins/2D/Paper2D/Content/MaskedLitSpriteMaterial.uexp" 1022
"Z:/UE_Projects/Second-Chance-FN/Content/Character/Mina/Texture/npc_mina.uasset" 1023
"Z:/UE_Projects/Second-Chance-FN/Content/Character/Mina/Texture/npc_mina.uexp" 1024
"Z:/UE_Projects/Second-Chance-FN/Content/Character/Mina/Sprite/npc_mina_Sprite_0.uasset" 1025
"Z:/UE_Projects/Second-Chance-FN/Content/Character/Mina/Sprite/npc_mina_Sprite_0.uexp" 1026
"Z:/UE_Projects/Second-Chance-FN/Content/Character/Mina/Sprite/npc_mina_Sprite_1.uasset" 1027
"Z:/UE_Projects/Second-Chance-FN/Content/Character/Mina/Sprite/npc_mina_Sprite_1.uexp" 1028
"Z:/UE_Projects/Second-Chance-FN/Content/Character/Mina/Sprite/npc_mina_Sprite_2.uasset" 1029
"Z:/UE_Projects/Second-Chance-FN/Content/Character/Mina/Sprite/npc_mina_Sprite_2.uexp" 1030
"Z:/UE_Projects/Second-Chance-FN/Content/Character/Mina/Sprite/npc_mina_Sprite_3.uasset" 1031
"Z:/UE_Projects/Second-Chance-FN/Content/Character/Mina/Sprite/npc_mina_Sprite_3.uexp" 1032
"Z:/UE_Projects/Second-Chance-FN/Content/Character/Mina/Sprite/npc_mina_Sprite_4.uasset" 1033
"Z:/UE_Projects/Second-Chance-FN/Content/Character/Mina/Sprite/npc_mina_Sprite_4.uexp" 1034
"Z:/UE_Projects/Second-Chance-FN/Content/Character/Mina/FB_Mina_Idle.uasset" 1035
"Z:/UE_Projects/Second-Chance-FN/Content/Character/Mina/FB_Mina_Idle.uexp" 1036
"Z:/UE_Projects/Second-Chance-FN/Content/Audio/Ding_1.ubulk" 1037
"Z:/UE_Projects/Second-Chance-FN/Content/Audio/Ding_1.uasset" 1038
"Z:/UE_Projects/Second-Chance-FN/Content/Audio/Ding_1.uexp" 1039
"Z:/UE_Projects/Second-Chance-FN/Content/Audio/Cues/Ding_1_Cue.uasset" 1040
"Z:/UE_Projects/Second-Chance-FN/Content/Audio/Cues/Ding_1_Cue.uexp" 1041
"Z:/UE_Projects/Second-Chance-FN/Content/Audio/rewind.ubulk" 1042
"Z:/UE_Projects/Second-Chance-FN/Content/Audio/rewind.uasset" 1043
"Z:/UE_Projects/Second-Chance-FN/Content/Audio/rewind.uexp" 1044
"Z:/UE_Projects/Second-Chance-FN/Content/Audio/Cues/rewind_Cue.uasset" 1045
"Z:/UE_Projects/Second-Chance-FN/Content/Audio/Cues/rewind_Cue.uexp" 1046
"../../../Engine/Content/VREditor/BasicMeshes/T_CleanFloorGrunge_01_D.ubulk" 1047
"../../../Engine/Content/VREditor/BasicMeshes/T_CleanFloorGrunge_01_D.uasset" 1048
"../../../Engine/Content/VREditor/BasicMeshes/T_CleanFloorGrunge_01_D.uexp" 1049
"../../../Engine/Content/VREditor/BasicMeshes/M_Floor_01.uasset" 1050
"../../../Engine/Content/VREditor/BasicMeshes/M_Floor_01.uexp" 1051
"../../../Engine/Content/VREditor/BasicMeshes/MI_Cube_01.uasset" 1052
"../../../Engine/Content/VREditor/BasicMeshes/MI_Cube_01.uexp" 1053
"../../../Engine/Content/VREditor/BasicMeshes/SM_Cube_01.ubulk" 1054
"../../../Engine/Content/VREditor/BasicMeshes/SM_Cube_01.uasset" 1055
"../../../Engine/Content/VREditor/BasicMeshes/SM_Cube_01.uexp" 1056
"../../../Engine/Content/MapTemplates/Materials/BasicAsset01.uasset" 1057
"../../../Engine/Content/MapTemplates/Materials/BasicAsset01.uexp" 1058
"Z:/UE_Projects/Second-Chance-FN/Content/Audio/itempickup.ubulk" 1059
"Z:/UE_Projects/Second-Chance-FN/Content/Audio/itempickup.uasset" 1060
"Z:/UE_Projects/Second-Chance-FN/Content/Audio/itempickup.uexp" 1061
"Z:/UE_Projects/Second-Chance-FN/Content/Audio/Cues/itempickup_Cue.uasset" 1062
"Z:/UE_Projects/Second-Chance-FN/Content/Audio/Cues/itempickup_Cue.uexp" 1063
"Z:/UE_Projects/Second-Chance-FN/Content/Audio/SC_Typing.uasset" 1064
"Z:/UE_Projects/Second-Chance-FN/Content/Audio/SC_Typing.uexp" 1065
"Z:/UE_Projects/Second-Chance-FN/Content/Audio/type.ubulk" 1066
"Z:/UE_Projects/Second-Chance-FN/Content/Audio/type.uasset" 1067
"Z:/UE_Projects/Second-Chance-FN/Content/Audio/type.uexp" 1068
"Z:/UE_Projects/Second-Chance-FN/Content/Audio/type_Cue.uasset" 1069
"Z:/UE_Projects/Second-Chance-FN/Content/Audio/type_Cue.uexp" 1070
"Z:/UE_Projects/Second-Chance-FN/Content/Character/Aki/Texture/Sprite-0002__1_.uasset" 1071
"Z:/UE_Projects/Second-Chance-FN/Content/Character/Aki/Texture/Sprite-0002__1_.uexp" 1072
"Z:/UE_Projects/Second-Chance-FN/Content/Character/Aki/Sprite/Sprite-0002__1__Sprite_0.uasset" 1073
"Z:/UE_Projects/Second-Chance-FN/Content/Character/Aki/Sprite/Sprite-0002__1__Sprite_0.uexp" 1074
"Z:/UE_Projects/Second-Chance-FN/Content/Character/Aki/Sprite/Sprite-0002__1__Sprite_1.uasset" 1075
"Z:/UE_Projects/Second-Chance-FN/Content/Character/Aki/Sprite/Sprite-0002__1__Sprite_1.uexp" 1076
"Z:/UE_Projects/Second-Chance-FN/Content/Character/Aki/Sprite/Sprite-0002__1__Sprite_2.uasset" 1077
"Z:/UE_Projects/Second-Chance-FN/Content/Character/Aki/Sprite/Sprite-0002__1__Sprite_2.uexp" 1078
"Z:/UE_Projects/Second-Chance-FN/Content/Character/Aki/FB_Aki_Idle.uasset" 1079
"Z:/UE_Projects/Second-Chance-FN/Content/Character/Aki/FB_Aki_Idle.uexp" 1080
"Z:/UE_Projects/Second-Chance-FN/Content/Core/PlayerController/IA_Movement.uasset" 1081
"Z:/UE_Projects/Second-Chance-FN/Content/Core/PlayerController/IA_Movement.uexp" 1082
"Z:/UE_Projects/Second-Chance-FN/Content/Core/PlayerController/IMC_WASD.uasset" 1083
"Z:/UE_Projects/Second-Chance-FN/Content/Core/PlayerController/IMC_WASD.uexp" 1084
"../../../Engine/Content/EngineResources/DefaultTexture.ubulk" 1085
"../../../Engine/Content/EngineResources/DefaultTexture.uasset" 1086
"../../../Engine/Content/EngineResources/DefaultTexture.uexp" 1087
"../../../Engine/Content/EngineMaterials/DefaultNormal.ubulk" 1088
"../../../Engine/Content/EngineMaterials/DefaultNormal.uasset" 1089
"../../../Engine/Content/EngineMaterials/DefaultNormal.uexp" 1090
"../../../Engine/Content/Functions/Engine_MaterialFunctions03/Procedurals/NormalFromHeightmap.uasset" 1091
"../../../Engine/Content/Functions/Engine_MaterialFunctions03/Procedurals/NormalFromHeightmap.uexp" 1092
"../../../Engine/Plugins/Interchange/Assets/Content/Functions/MF_PhongToMetalRoughness.uasset" 1093
"../../../Engine/Plugins/Interchange/Assets/Content/Functions/MF_PhongToMetalRoughness.uexp" 1094
"../../../Engine/Plugins/Interchange/Assets/Content/Materials/FBXLegacyPhongSurfaceMaterial.uasset" 1095
"../../../Engine/Plugins/Interchange/Assets/Content/Materials/FBXLegacyPhongSurfaceMaterial.uexp" 1096
"Z:/UE_Projects/Second-Chance-FN/Content/Game_Assets/EnviromentTexture/snow_01_nor_gl_4k.ubulk" 1097
"Z:/UE_Projects/Second-Chance-FN/Content/Game_Assets/EnviromentTexture/snow_01_nor_gl_4k.uasset" 1098
"Z:/UE_Projects/Second-Chance-FN/Content/Game_Assets/EnviromentTexture/snow_01_nor_gl_4k.uexp" 1099
"Z:/UE_Projects/Second-Chance-FN/Content/Game_Assets/EnviromentTexture/snow_01_rough_4k.ubulk" 1100
"Z:/UE_Projects/Second-Chance-FN/Content/Game_Assets/EnviromentTexture/snow_01_rough_4k.uasset" 1101
"Z:/UE_Projects/Second-Chance-FN/Content/Game_Assets/EnviromentTexture/snow_01_rough_4k.uexp" 1102
"Z:/UE_Projects/Second-Chance-FN/Content/Game_Assets/EnviromentTexture/snow_01.uasset" 1103
"Z:/UE_Projects/Second-Chance-FN/Content/Game_Assets/EnviromentTexture/snow_01.uexp" 1104
"Z:/UE_Projects/Second-Chance-FN/Content/Systems/ObjectiveSystem/S_ObjectiveStaticData.uasset" 1105
"Z:/UE_Projects/Second-Chance-FN/Content/Systems/ObjectiveSystem/S_ObjectiveStaticData.uexp" 1106
"Z:/UE_Projects/Second-Chance-FN/Content/Systems/ObjectiveSystem/DT_ObjectivesNew.uasset" 1107
"Z:/UE_Projects/Second-Chance-FN/Content/Systems/ObjectiveSystem/DT_ObjectivesNew.uexp" 1108
"Z:/UE_Projects/Second-Chance-FN/Content/UI/Assets/icons8-arrow-right-24.uasset" 1109
"Z:/UE_Projects/Second-Chance-FN/Content/UI/Assets/icons8-arrow-right-24.uexp" 1110
"Z:/UE_Projects/Second-Chance-FN/Content/UI/Assets/icons8-square-24.uasset" 1111
"Z:/UE_Projects/Second-Chance-FN/Content/UI/Assets/icons8-square-24.uexp" 1112
"Z:/UE_Projects/Second-Chance-FN/Content/UI/Assets/NewDialog.ubulk" 1113
"Z:/UE_Projects/Second-Chance-FN/Content/UI/Assets/NewDialog.uasset" 1114
"Z:/UE_Projects/Second-Chance-FN/Content/UI/Assets/NewDialog.uexp" 1115
"Z:/UE_Projects/Second-Chance-FN/Content/UI/Widgets/WBP_ObjectiveTrack.uasset" 1116
"Z:/UE_Projects/Second-Chance-FN/Content/UI/Widgets/WBP_ObjectiveTrack.uexp" 1117
"Z:/UE_Projects/Second-Chance-FN/Content/Audio/MasterMix.uasset" 1118
"Z:/UE_Projects/Second-Chance-FN/Content/Audio/MasterMix.uexp" 1119
"Z:/UE_Projects/Second-Chance-FN/Content/Systems/DialogueSystem/S_ChoiceData.uasset" 1120
"Z:/UE_Projects/Second-Chance-FN/Content/Systems/DialogueSystem/S_ChoiceData.uexp" 1121
"Z:/UE_Projects/Second-Chance-FN/Content/Systems/DialogueSystem/S_DialogueData.uasset" 1122
"Z:/UE_Projects/Second-Chance-FN/Content/Systems/DialogueSystem/S_DialogueData.uexp" 1123
"Z:/UE_Projects/Second-Chance-FN/Content/Systems/DialogueSystem/DT_DialogueDatabase.uasset" 1124
"Z:/UE_Projects/Second-Chance-FN/Content/Systems/DialogueSystem/DT_DialogueDatabase.uexp" 1125
"Z:/UE_Projects/Second-Chance-FN/Content/UI/Widgets/WBP_ChoiceButton.uasset" 1126
"Z:/UE_Projects/Second-Chance-FN/Content/UI/Widgets/WBP_ChoiceButton.uexp" 1127
"Z:/UE_Projects/Second-Chance-FN/Content/UI/Widgets/WBP_DialogueBox.uasset" 1128
"Z:/UE_Projects/Second-Chance-FN/Content/UI/Widgets/WBP_DialogueBox.uexp" 1129
"Z:/UE_Projects/Second-Chance-FN/Content/UI/Assets/button_texture_template.uasset" 1130
"Z:/UE_Projects/Second-Chance-FN/Content/UI/Assets/button_texture_template.uexp" 1131
"../../../Engine/Plugins/2D/Paper2D/Content/TranslucentUnlitSpriteMaterial.uasset" 1132
"../../../Engine/Plugins/2D/Paper2D/Content/TranslucentUnlitSpriteMaterial.uexp" 1133
"Z:/UE_Projects/Second-Chance-FN/Content/UI/Assets/ChatGPT_Image_Sep_10__2026__02_30_18_PM-removebg-preview.uasset" 1134
"Z:/UE_Projects/Second-Chance-FN/Content/UI/Assets/ChatGPT_Image_Sep_10__2026__02_30_18_PM-removebg-preview.uexp" 1135
"Z:/UE_Projects/Second-Chance-FN/Content/UI/Assets/ChatGPT_Image_Sep_10__2026__02_30_18_PM-removebg-preview_Sprite_0.uasset" 1136
"Z:/UE_Projects/Second-Chance-FN/Content/UI/Assets/ChatGPT_Image_Sep_10__2026__02_30_18_PM-removebg-preview_Sprite_0.uexp" 1137
"Z:/UE_Projects/Second-Chance-FN/Content/UI/Assets/ChatGPT_Image_Sep_10__2026__02_30_18_PM-removebg-preview_Sprite_1.uasset" 1138
"Z:/UE_Projects/Second-Chance-FN/Content/UI/Assets/ChatGPT_Image_Sep_10__2026__02_30_18_PM-removebg-preview_Sprite_1.uexp" 1139
"Z:/UE_Projects/Second-Chance-FN/Content/UI/Assets/ChatGPT_Image_Sep_10__2026__02_30_18_PM-removebg-preview_Sprite_4.uasset" 1140
"Z:/UE_Projects/Second-Chance-FN/Content/UI/Assets/ChatGPT_Image_Sep_10__2026__02_30_18_PM-removebg-preview_Sprite_4.uexp" 1141
"Z:/UE_Projects/Second-Chance-FN/Content/UI/Assets/ChatGPT_Image_Sep_10__2026__02_30_18_PM-removebg-preview_Sprite_5.uasset" 1142
"Z:/UE_Projects/Second-Chance-FN/Content/UI/Assets/ChatGPT_Image_Sep_10__2026__02_30_18_PM-removebg-preview_Sprite_5.uexp" 1143
"Z:/UE_Projects/Second-Chance-FN/Content/UI/Assets/game_title__2_.uasset" 1144
"Z:/UE_Projects/Second-Chance-FN/Content/UI/Assets/game_title__2_.uexp" 1145
"Z:/UE_Projects/Second-Chance-FN/Content/UI/Fonts/compacta/unicode_compacta.uexp" 1146
"Z:/UE_Projects/Second-Chance-FN/Content/UI/Fonts/compacta/unicode_compacta.uasset" 1147
"Z:/UE_Projects/Second-Chance-FN/Content/UI/Fonts/compacta/unicode_compacta.ufont" 1148
"Z:/UE_Projects/Second-Chance-FN/Content/UI/Fonts/compacta/unicode_compacta_Font.uasset" 1149
"Z:/UE_Projects/Second-Chance-FN/Content/UI/Fonts/compacta/unicode_compacta_Font.uexp" 1150
"Z:/UE_Projects/Second-Chance-FN/Content/UI/Fonts/trajan/Trajan-Regular.uexp" 1151
"Z:/UE_Projects/Second-Chance-FN/Content/UI/Fonts/trajan/Trajan-Regular.uasset" 1152
"Z:/UE_Projects/Second-Chance-FN/Content/UI/Fonts/trajan/Trajan-Regular.ufont" 1153
"Z:/UE_Projects/Second-Chance-FN/Content/UI/Fonts/trajan/Trajan-Regular_Font.uasset" 1154
"Z:/UE_Projects/Second-Chance-FN/Content/UI/Fonts/trajan/Trajan-Regular_Font.uexp" 1155
"Z:/UE_Projects/Second-Chance-FN/Content/UI/Widgets/WBP_SaveNotif.uasset" 1156
"Z:/UE_Projects/Second-Chance-FN/Content/UI/Widgets/WBP_SaveNotif.uexp" 1157
"Z:/UE_Projects/Second-Chance-FN/Content/UI/Widgets/WBP_PauseMenu.uasset" 1158
"Z:/UE_Projects/Second-Chance-FN/Content/UI/Widgets/WBP_PauseMenu.uexp" 1159
"Z:/UE_Projects/Second-Chance-FN/Content/UI/Assets/Dialog.ubulk" 1160
"Z:/UE_Projects/Second-Chance-FN/Content/UI/Assets/Dialog.uasset" 1161
"Z:/UE_Projects/Second-Chance-FN/Content/UI/Assets/Dialog.uexp" 1162
"Z:/UE_Projects/Second-Chance-FN/Content/UI/Widgets/WBP_RewindNotification.uasset" 1163
"Z:/UE_Projects/Second-Chance-FN/Content/UI/Widgets/WBP_RewindNotification.uexp" 1164
"Z:/UE_Projects/Second-Chance-FN/Content/UI/Widgets/WBP_RewindPrompt.uasset" 1165
"Z:/UE_Projects/Second-Chance-FN/Content/UI/Widgets/WBP_RewindPrompt.uexp" 1166
"Z:/UE_Projects/Second-Chance-FN/Content/UI/Widgets/WBP_RewindUnavailable.uasset" 1167
"Z:/UE_Projects/Second-Chance-FN/Content/UI/Widgets/WBP_RewindUnavailable.uexp" 1168
"../../../Engine/Plugins/Interchange/Assets/Content/gltf/MaterialInstances/MI_Default_Opaque_DS.uasset" 1169
"../../../Engine/Plugins/Interchange/Assets/Content/gltf/MaterialInstances/MI_Default_Opaque_DS.uexp" 1170
"Z:/UE_Projects/Second-Chance-FN/Content/Game_Assets/Classroom/laminate_floor_03_4k/laminate_floor_03_4k/Textures/laminate_floor_03_diff_8k.ubulk" 1171
"Z:/UE_Projects/Second-Chance-FN/Content/Game_Assets/Classroom/laminate_floor_03_4k/laminate_floor_03_4k/Textures/laminate_floor_03_diff_8k.uasset" 1172
"Z:/UE_Projects/Second-Chance-FN/Content/Game_Assets/Classroom/laminate_floor_03_4k/laminate_floor_03_4k/Textures/laminate_floor_03_diff_8k.uexp" 1173
"Z:/UE_Projects/Second-Chance-FN/Content/Game_Assets/Classroom/laminate_floor_03_4k/laminate_floor_03_4k/Textures/laminate_floor_03_nor_gl_8k.ubulk" 1174
"Z:/UE_Projects/Second-Chance-FN/Content/Game_Assets/Classroom/laminate_floor_03_4k/laminate_floor_03_4k/Textures/laminate_floor_03_nor_gl_8k.uasset" 1175
"Z:/UE_Projects/Second-Chance-FN/Content/Game_Assets/Classroom/laminate_floor_03_4k/laminate_floor_03_4k/Textures/laminate_floor_03_nor_gl_8k.uexp" 1176
"Z:/UE_Projects/Second-Chance-FN/Content/Game_Assets/Classroom/laminate_floor_03_4k/laminate_floor_03_4k/Textures/laminate_floor_03_rough_8k.ubulk" 1177
"Z:/UE_Projects/Second-Chance-FN/Content/Game_Assets/Classroom/laminate_floor_03_4k/laminate_floor_03_4k/Textures/laminate_floor_03_rough_8k.uasset" 1178
"Z:/UE_Projects/Second-Chance-FN/Content/Game_Assets/Classroom/laminate_floor_03_4k/laminate_floor_03_4k/Textures/laminate_floor_03_rough_8k.uexp" 1179
"Z:/UE_Projects/Second-Chance-FN/Content/Game_Assets/Classroom/laminate_floor_03_4k/laminate_floor_03_4k/Materials/laminate_floor_03.uasset" 1180
"Z:/UE_Projects/Second-Chance-FN/Content/Game_Assets/Classroom/laminate_floor_03_4k/laminate_floor_03_4k/Materials/laminate_floor_03.uexp" 1181
"Z:/UE_Projects/Second-Chance-FN/Content/Game_Assets/EnviromentTexture/snow_02_4k/snow_02_4k/Textures/snow_02_diff_4k.ubulk" 1182
"Z:/UE_Projects/Second-Chance-FN/Content/Game_Assets/EnviromentTexture/snow_02_4k/snow_02_4k/Textures/snow_02_diff_4k.uasset" 1183
"Z:/UE_Projects/Second-Chance-FN/Content/Game_Assets/EnviromentTexture/snow_02_4k/snow_02_4k/Textures/snow_02_diff_4k.uexp" 1184
"Z:/UE_Projects/Second-Chance-FN/Content/Game_Assets/EnviromentTexture/snow_02_4k/snow_02_4k/Textures/snow_02_nor_gl_4k.ubulk" 1185
"Z:/UE_Projects/Second-Chance-FN/Content/Game_Assets/EnviromentTexture/snow_02_4k/snow_02_4k/Textures/snow_02_nor_gl_4k.uasset" 1186
"Z:/UE_Projects/Second-Chance-FN/Content/Game_Assets/EnviromentTexture/snow_02_4k/snow_02_4k/Textures/snow_02_nor_gl_4k.uexp" 1187
"Z:/UE_Projects/Second-Chance-FN/Content/Game_Assets/EnviromentTexture/snow_02_4k/snow_02_4k/Textures/snow_02_rough_4k.ubulk" 1188
"Z:/UE_Projects/Second-Chance-FN/Content/Game_Assets/EnviromentTexture/snow_02_4k/snow_02_4k/Textures/snow_02_rough_4k.uasset" 1189
"Z:/UE_Projects/Second-Chance-FN/Content/Game_Assets/EnviromentTexture/snow_02_4k/snow_02_4k/Textures/snow_02_rough_4k.uexp" 1190
"Z:/UE_Projects/Second-Chance-FN/Content/Game_Assets/EnviromentTexture/snow_02_4k/snow_02_4k/Materials/snow_02.uasset" 1191
"Z:/UE_Projects/Second-Chance-FN/Content/Game_Assets/EnviromentTexture/snow_02_4k/snow_02_4k/Materials/snow_02.uexp" 1192
"Z:/UE_Projects/Second-Chance-FN/Content/Game_Assets/Classroom/Floor_Wall/concrete_floor_worn_001_4k/concrete_floor_worn_001_4k/Textures/concrete_floor_worn_001_diff_16k.ubulk" 1193
"Z:/UE_Projects/Second-Chance-FN/Content/Game_Assets/Classroom/Floor_Wall/concrete_floor_worn_001_4k/concrete_floor_worn_001_4k/Textures/concrete_floor_worn_001_diff_16k.uasset" 1194
"Z:/UE_Projects/Second-Chance-FN/Content/Game_Assets/Classroom/Floor_Wall/concrete_floor_worn_001_4k/concrete_floor_worn_001_4k/Textures/concrete_floor_worn_001_diff_16k.uexp" 1195
"Z:/UE_Projects/Second-Chance-FN/Content/Game_Assets/Classroom/Floor_Wall/concrete_floor_worn_001_4k/concrete_floor_worn_001_4k/Textures/concrete_floor_worn_001_nor_gl_16k.ubulk" 1196
"Z:/UE_Projects/Second-Chance-FN/Content/Game_Assets/Classroom/Floor_Wall/concrete_floor_worn_001_4k/concrete_floor_worn_001_4k/Textures/concrete_floor_worn_001_nor_gl_16k.uasset" 1197
"Z:/UE_Projects/Second-Chance-FN/Content/Game_Assets/Classroom/Floor_Wall/concrete_floor_worn_001_4k/concrete_floor_worn_001_4k/Textures/concrete_floor_worn_001_nor_gl_16k.uexp" 1198
"Z:/UE_Projects/Second-Chance-FN/Content/Game_Assets/Classroom/Floor_Wall/concrete_floor_worn_001_4k/concrete_floor_worn_001_4k/Textures/concrete_floor_worn_001_rough_16k.ubulk" 1199
"Z:/UE_Projects/Second-Chance-FN/Content/Game_Assets/Classroom/Floor_Wall/concrete_floor_worn_001_4k/concrete_floor_worn_001_4k/Textures/concrete_floor_worn_001_rough_16k.uasset" 1200
"Z:/UE_Projects/Second-Chance-FN/Content/Game_Assets/Classroom/Floor_Wall/concrete_floor_worn_001_4k/concrete_floor_worn_001_4k/Textures/concrete_floor_worn_001_rough_16k.uexp" 1201
"Z:/UE_Projects/Second-Chance-FN/Content/Game_Assets/Classroom/Floor_Wall/concrete_floor_worn_001_4k/concrete_floor_worn_001_4k/Materials/concrete_floor_worn_001.uasset" 1202
"Z:/UE_Projects/Second-Chance-FN/Content/Game_Assets/Classroom/Floor_Wall/concrete_floor_worn_001_4k/concrete_floor_worn_001_4k/Materials/concrete_floor_worn_001.uexp" 1203
"Z:/UE_Projects/Second-Chance-FN/Content/Core/Blueprint/Characters/Aki/AS_Aki.uasset" 1204
"Z:/UE_Projects/Second-Chance-FN/Content/Core/Blueprint/Characters/Aki/AS_Aki.uexp" 1205
"Z:/UE_Projects/Second-Chance-FN/Content/Core/Blueprint/Characters/Aki/AnimSequences/Idle.uasset" 1206
"Z:/UE_Projects/Second-Chance-FN/Content/Core/Blueprint/Characters/Aki/AnimSequences/Idle.uexp" 1207
"Z:/UE_Projects/Second-Chance-FN/Content/Character/Aki/Sprite/Sprite-0002__1__Sprite_6.uasset" 1208
"Z:/UE_Projects/Second-Chance-FN/Content/Character/Aki/Sprite/Sprite-0002__1__Sprite_6.uexp" 1209
"Z:/UE_Projects/Second-Chance-FN/Content/Character/Aki/Sprite/Sprite-0002__1__Sprite_7.uasset" 1210
"Z:/UE_Projects/Second-Chance-FN/Content/Character/Aki/Sprite/Sprite-0002__1__Sprite_7.uexp" 1211
"Z:/UE_Projects/Second-Chance-FN/Content/Character/Aki/Sprite/Sprite-0002__1__Sprite_8.uasset" 1212
"Z:/UE_Projects/Second-Chance-FN/Content/Character/Aki/Sprite/Sprite-0002__1__Sprite_8.uexp" 1213
"Z:/UE_Projects/Second-Chance-FN/Content/Character/Aki/FB_Aki_Walk_A.uasset" 1214
"Z:/UE_Projects/Second-Chance-FN/Content/Character/Aki/FB_Aki_Walk_A.uexp" 1215
"Z:/UE_Projects/Second-Chance-FN/Content/Character/Aki/Sprite/Sprite-0002__1__Sprite_3.uasset" 1216
"Z:/UE_Projects/Second-Chance-FN/Content/Character/Aki/Sprite/Sprite-0002__1__Sprite_3.uexp" 1217
"Z:/UE_Projects/Second-Chance-FN/Content/Character/Aki/Sprite/Sprite-0002__1__Sprite_4.uasset" 1218
"Z:/UE_Projects/Second-Chance-FN/Content/Character/Aki/Sprite/Sprite-0002__1__Sprite_4.uexp" 1219
"Z:/UE_Projects/Second-Chance-FN/Content/Character/Aki/Sprite/Sprite-0002__1__Sprite_5.uasset" 1220
"Z:/UE_Projects/Second-Chance-FN/Content/Character/Aki/Sprite/Sprite-0002__1__Sprite_5.uexp" 1221
"Z:/UE_Projects/Second-Chance-FN/Content/Character/Aki/FB_Aki_Walk_D.uasset" 1222
"Z:/UE_Projects/Second-Chance-FN/Content/Character/Aki/FB_Aki_Walk_D.uexp" 1223
"Z:/UE_Projects/Second-Chance-FN/Content/Character/Aki/Sprite/Sprite-0002__1__Sprite_9.uasset" 1224
"Z:/UE_Projects/Second-Chance-FN/Content/Character/Aki/Sprite/Sprite-0002__1__Sprite_9.uexp" 1225
"Z:/UE_Projects/Second-Chance-FN/Content/Character/Aki/Sprite/Sprite-0002__1__Sprite_10.uasset" 1226
"Z:/UE_Projects/Second-Chance-FN/Content/Character/Aki/Sprite/Sprite-0002__1__Sprite_10.uexp" 1227
"Z:/UE_Projects/Second-Chance-FN/Content/Character/Aki/Sprite/Sprite-0002__1__Sprite_11.uasset" 1228
"Z:/UE_Projects/Second-Chance-FN/Content/Character/Aki/Sprite/Sprite-0002__1__Sprite_11.uexp" 1229
"Z:/UE_Projects/Second-Chance-FN/Content/Character/Aki/FB_Aki_Walk_S.uasset" 1230
"Z:/UE_Projects/Second-Chance-FN/Content/Character/Aki/FB_Aki_Walk_S.uexp" 1231
"Z:/UE_Projects/Second-Chance-FN/Content/Character/Aki/Sprite/Sprite-0002__1__Sprite_12.uasset" 1232
"Z:/UE_Projects/Second-Chance-FN/Content/Character/Aki/Sprite/Sprite-0002__1__Sprite_12.uexp" 1233
"Z:/UE_Projects/Second-Chance-FN/Content/Character/Aki/Sprite/Sprite-0002__1__Sprite_13.uasset" 1234
"Z:/UE_Projects/Second-Chance-FN/Content/Character/Aki/Sprite/Sprite-0002__1__Sprite_13.uexp" 1235
"Z:/UE_Projects/Second-Chance-FN/Content/Character/Aki/Sprite/Sprite-0002__1__Sprite_14.uasset" 1236
"Z:/UE_Projects/Second-Chance-FN/Content/Character/Aki/Sprite/Sprite-0002__1__Sprite_14.uexp" 1237
"Z:/UE_Projects/Second-Chance-FN/Content/Character/Aki/FB_Aki_Walk_W.uasset" 1238
"Z:/UE_Projects/Second-Chance-FN/Content/Character/Aki/FB_Aki_Walk_W.uexp" 1239
"Z:/UE_Projects/Second-Chance-FN/Content/Audio/snowstep.ubulk" 1240
"Z:/UE_Projects/Second-Chance-FN/Content/Audio/snowstep.uasset" 1241
"Z:/UE_Projects/Second-Chance-FN/Content/Audio/snowstep.uexp" 1242
"Z:/UE_Projects/Second-Chance-FN/Content/Audio/Cues/snowstep_Cue.uasset" 1243
"Z:/UE_Projects/Second-Chance-FN/Content/Audio/Cues/snowstep_Cue.uexp" 1244
"Z:/UE_Projects/Second-Chance-FN/Content/Audio/woodenstep.ubulk" 1245
"Z:/UE_Projects/Second-Chance-FN/Content/Audio/woodenstep.uasset" 1246
"Z:/UE_Projects/Second-Chance-FN/Content/Audio/woodenstep.uexp" 1247
"Z:/UE_Projects/Second-Chance-FN/Content/Audio/Cues/woodenstep_Cue.uasset" 1248
"Z:/UE_Projects/Second-Chance-FN/Content/Audio/Cues/woodenstep_Cue.uexp" 1249
"Z:/UE_Projects/Second-Chance-FN/Content/Core/Blueprint/Characters/Aki/BP_FootstepsNotify.uasset" 1250
"Z:/UE_Projects/Second-Chance-FN/Content/Core/Blueprint/Characters/Aki/BP_FootstepsNotify.uexp" 1251
"Z:/UE_Projects/Second-Chance-FN/Content/Core/Blueprint/Characters/Aki/AnimSequences/Walk.uasset" 1252
"Z:/UE_Projects/Second-Chance-FN/Content/Core/Blueprint/Characters/Aki/AnimSequences/Walk.uexp" 1253
"Z:/UE_Projects/Second-Chance-FN/Content/Core/Blueprint/Characters/Aki/ABP_Aki.uasset" 1254
"Z:/UE_Projects/Second-Chance-FN/Content/Core/Blueprint/Characters/Aki/ABP_Aki.uexp" 1255
"Z:/UE_Projects/Second-Chance-FN/Content/Core/Blueprint/Characters/BP_Aki.uasset" 1256
"Z:/UE_Projects/Second-Chance-FN/Content/Core/Blueprint/Characters/BP_Aki.uexp" 1257
"Z:/UE_Projects/Second-Chance-FN/Content/Systems/InteractableSystem/BPI_Interactable.uasset" 1258
"Z:/UE_Projects/Second-Chance-FN/Content/Systems/InteractableSystem/BPI_Interactable.uexp" 1259
"Z:/UE_Projects/Second-Chance-FN/Content/UI/Widgets/WBP_InteractionPrompt_E.uasset" 1260
"Z:/UE_Projects/Second-Chance-FN/Content/UI/Widgets/WBP_InteractionPrompt_E.uexp" 1261
"Z:/UE_Projects/Second-Chance-FN/Content/Systems/InteractableSystem/E_ExaminationType.uasset" 1262
"Z:/UE_Projects/Second-Chance-FN/Content/Systems/InteractableSystem/E_ExaminationType.uexp" 1263
"Z:/UE_Projects/Second-Chance-FN/Content/Systems/InteractableSystem/S_ExaminationData.uasset" 1264
"Z:/UE_Projects/Second-Chance-FN/Content/Systems/InteractableSystem/S_ExaminationData.uexp" 1265
"Z:/UE_Projects/Second-Chance-FN/Content/UI/Widgets/WBP_ExaminationPanel.uasset" 1266
"Z:/UE_Projects/Second-Chance-FN/Content/UI/Widgets/WBP_ExaminationPanel.uexp" 1267
"Z:/UE_Projects/Second-Chance-FN/Content/UI/Widgets/WBP_ItemCollected.uasset" 1268
"Z:/UE_Projects/Second-Chance-FN/Content/UI/Widgets/WBP_ItemCollected.uexp" 1269
"Z:/UE_Projects/Second-Chance-FN/Content/Systems/InteractableSystem/BP_ExaminableObject.uasset" 1270
"Z:/UE_Projects/Second-Chance-FN/Content/Systems/InteractableSystem/BP_ExaminableObject.uexp" 1271
"Z:/UE_Projects/Second-Chance-FN/Content/UI/Widgets/WBP_ChapterComplete.uasset" 1272
"Z:/UE_Projects/Second-Chance-FN/Content/UI/Widgets/WBP_ChapterComplete.uexp" 1273
"Z:/UE_Projects/Second-Chance-FN/Content/Core/GameInstance/EGameEndingType.uasset" 1274
"Z:/UE_Projects/Second-Chance-FN/Content/Core/GameInstance/EGameEndingType.uexp" 1275
"Z:/UE_Projects/Second-Chance-FN/Content/Systems/ChapterSystem/BP_ChapterEndTrigger.uasset" 1276
"Z:/UE_Projects/Second-Chance-FN/Content/Systems/ChapterSystem/BP_ChapterEndTrigger.uexp" 1277
"Z:/UE_Projects/Second-Chance-FN/Content/Character/MrKael/Texture/Kael.uasset" 1278
"Z:/UE_Projects/Second-Chance-FN/Content/Character/MrKael/Texture/Kael.uexp" 1279
"Z:/UE_Projects/Second-Chance-FN/Content/Character/MrKael/Sprite/Kael_Sprite_0.uasset" 1280
"Z:/UE_Projects/Second-Chance-FN/Content/Character/MrKael/Sprite/Kael_Sprite_0.uexp" 1281
"Z:/UE_Projects/Second-Chance-FN/Content/Character/MrKael/Sprite/Kael_Sprite_1.uasset" 1282
"Z:/UE_Projects/Second-Chance-FN/Content/Character/MrKael/Sprite/Kael_Sprite_1.uexp" 1283
"Z:/UE_Projects/Second-Chance-FN/Content/Character/MrKael/Sprite/Kael_Sprite_2.uasset" 1284
"Z:/UE_Projects/Second-Chance-FN/Content/Character/MrKael/Sprite/Kael_Sprite_2.uexp" 1285
"Z:/UE_Projects/Second-Chance-FN/Content/Character/MrKael/FB_MrKael_Idle.uasset" 1286
"Z:/UE_Projects/Second-Chance-FN/Content/Character/MrKael/FB_MrKael_Idle.uexp" 1287
"Z:/UE_Projects/Second-Chance-FN/Content/Core/Blueprint/Characters/Mr_Kael/AS_MrKael.uasset" 1288
"Z:/UE_Projects/Second-Chance-FN/Content/Core/Blueprint/Characters/Mr_Kael/AS_MrKael.uexp" 1289
"Z:/UE_Projects/Second-Chance-FN/Content/Core/Blueprint/Characters/Mr_Kael/ABP_MrKael.uasset" 1290
"Z:/UE_Projects/Second-Chance-FN/Content/Core/Blueprint/Characters/Mr_Kael/ABP_MrKael.uexp" 1291
"Z:/UE_Projects/Second-Chance-FN/Content/Core/Blueprint/Characters/Mr_Kael/BPC_Kael.uasset" 1292
"Z:/UE_Projects/Second-Chance-FN/Content/Core/Blueprint/Characters/Mr_Kael/BPC_Kael.uexp" 1293
"Z:/UE_Projects/Second-Chance-FN/Content/UI/Widgets/WBP_TrustNotification.uasset" 1294
"Z:/UE_Projects/Second-Chance-FN/Content/UI/Widgets/WBP_TrustNotification.uexp" 1295
"Z:/UE_Projects/Second-Chance-FN/Content/UI/Widgets/WBP_ChapterBadEnding.uasset" 1296
"Z:/UE_Projects/Second-Chance-FN/Content/UI/Widgets/WBP_ChapterBadEnding.uexp" 1297
"Z:/UE_Projects/Second-Chance-FN/Content/UI/Widgets/WBP_ChapterFailedEnding.uasset" 1298
"Z:/UE_Projects/Second-Chance-FN/Content/UI/Widgets/WBP_ChapterFailedEnding.uexp" 1299
"Z:/UE_Projects/Second-Chance-FN/Content/UI/Widgets/WBP_ChapterGoodEnding.uasset" 1300
"Z:/UE_Projects/Second-Chance-FN/Content/UI/Widgets/WBP_ChapterGoodEnding.uexp" 1301
"Z:/UE_Projects/Second-Chance-FN/Content/UI/Widgets/WBP_ChapterTrueEnding.uasset" 1302
"Z:/UE_Projects/Second-Chance-FN/Content/UI/Widgets/WBP_ChapterTrueEnding.uexp" 1303
"Z:/UE_Projects/Second-Chance-FN/Content/UI/Widgets/WBP_ItemUnlocked.uasset" 1304
"Z:/UE_Projects/Second-Chance-FN/Content/UI/Widgets/WBP_ItemUnlocked.uexp" 1305
"Z:/UE_Projects/Second-Chance-FN/Content/UI/Widgets/WBP_SuspicionNotification.uasset" 1306
"Z:/UE_Projects/Second-Chance-FN/Content/UI/Widgets/WBP_SuspicionNotification.uexp" 1307
"Z:/UE_Projects/Second-Chance-FN/Content/Systems/DialogueSystem/BP_DialogueManager.uasset" 1308
"Z:/UE_Projects/Second-Chance-FN/Content/Systems/DialogueSystem/BP_DialogueManager.uexp" 1309
"Z:/UE_Projects/Second-Chance-FN/Content/Core/Blueprint/Characters/Mina/AS_Mina.uasset" 1310
"Z:/UE_Projects/Second-Chance-FN/Content/Core/Blueprint/Characters/Mina/AS_Mina.uexp" 1311
"Z:/UE_Projects/Second-Chance-FN/Content/Core/Blueprint/Characters/Mina/AnimSequences/Idle.uasset" 1312
"Z:/UE_Projects/Second-Chance-FN/Content/Core/Blueprint/Characters/Mina/AnimSequences/Idle.uexp" 1313
"Z:/UE_Projects/Second-Chance-FN/Content/Character/Mina/Sprite/npc_mina_Sprite_10.uasset" 1314
"Z:/UE_Projects/Second-Chance-FN/Content/Character/Mina/Sprite/npc_mina_Sprite_10.uexp" 1315
"Z:/UE_Projects/Second-Chance-FN/Content/Character/Mina/Sprite/npc_mina_Sprite_11.uasset" 1316
"Z:/UE_Projects/Second-Chance-FN/Content/Character/Mina/Sprite/npc_mina_Sprite_11.uexp" 1317
"Z:/UE_Projects/Second-Chance-FN/Content/Character/Mina/Sprite/npc_mina_Sprite_12.uasset" 1318
"Z:/UE_Projects/Second-Chance-FN/Content/Character/Mina/Sprite/npc_mina_Sprite_12.uexp" 1319
"Z:/UE_Projects/Second-Chance-FN/Content/Character/Mina/Sprite/npc_mina_Sprite_13.uasset" 1320
"Z:/UE_Projects/Second-Chance-FN/Content/Character/Mina/Sprite/npc_mina_Sprite_13.uexp" 1321
"Z:/UE_Projects/Second-Chance-FN/Content/Character/Mina/Sprite/npc_mina_Sprite_14.uasset" 1322
"Z:/UE_Projects/Second-Chance-FN/Content/Character/Mina/Sprite/npc_mina_Sprite_14.uexp" 1323
"Z:/UE_Projects/Second-Chance-FN/Content/Character/Mina/FB_Mina_Walk_A.uasset" 1324
"Z:/UE_Projects/Second-Chance-FN/Content/Character/Mina/FB_Mina_Walk_A.uexp" 1325
"Z:/UE_Projects/Second-Chance-FN/Content/Character/Mina/Sprite/npc_mina_Sprite_5.uasset" 1326
"Z:/UE_Projects/Second-Chance-FN/Content/Character/Mina/Sprite/npc_mina_Sprite_5.uexp" 1327
"Z:/UE_Projects/Second-Chance-FN/Content/Character/Mina/Sprite/npc_mina_Sprite_6.uasset" 1328
"Z:/UE_Projects/Second-Chance-FN/Content/Character/Mina/Sprite/npc_mina_Sprite_6.uexp" 1329
"Z:/UE_Projects/Second-Chance-FN/Content/Character/Mina/Sprite/npc_mina_Sprite_7.uasset" 1330
"Z:/UE_Projects/Second-Chance-FN/Content/Character/Mina/Sprite/npc_mina_Sprite_7.uexp" 1331
"Z:/UE_Projects/Second-Chance-FN/Content/Character/Mina/Sprite/npc_mina_Sprite_8.uasset" 1332
"Z:/UE_Projects/Second-Chance-FN/Content/Character/Mina/Sprite/npc_mina_Sprite_8.uexp" 1333
"Z:/UE_Projects/Second-Chance-FN/Content/Character/Mina/Sprite/npc_mina_Sprite_9.uasset" 1334
"Z:/UE_Projects/Second-Chance-FN/Content/Character/Mina/Sprite/npc_mina_Sprite_9.uexp" 1335
"Z:/UE_Projects/Second-Chance-FN/Content/Character/Mina/FB_Mina_Walk_D.uasset" 1336
"Z:/UE_Projects/Second-Chance-FN/Content/Character/Mina/FB_Mina_Walk_D.uexp" 1337
"Z:/UE_Projects/Second-Chance-FN/Content/Character/Mina/Sprite/npc_mina_Sprite_20.uasset" 1338
"Z:/UE_Projects/Second-Chance-FN/Content/Character/Mina/Sprite/npc_mina_Sprite_20.uexp" 1339
"Z:/UE_Projects/Second-Chance-FN/Content/Character/Mina/Sprite/npc_mina_Sprite_21.uasset" 1340
"Z:/UE_Projects/Second-Chance-FN/Content/Character/Mina/Sprite/npc_mina_Sprite_21.uexp" 1341
"Z:/UE_Projects/Second-Chance-FN/Content/Character/Mina/Sprite/npc_mina_Sprite_22.uasset" 1342
"Z:/UE_Projects/Second-Chance-FN/Content/Character/Mina/Sprite/npc_mina_Sprite_22.uexp" 1343
"Z:/UE_Projects/Second-Chance-FN/Content/Character/Mina/Sprite/npc_mina_Sprite_23.uasset" 1344
"Z:/UE_Projects/Second-Chance-FN/Content/Character/Mina/Sprite/npc_mina_Sprite_23.uexp" 1345
"Z:/UE_Projects/Second-Chance-FN/Content/Character/Mina/Sprite/npc_mina_Sprite_24.uasset" 1346
"Z:/UE_Projects/Second-Chance-FN/Content/Character/Mina/Sprite/npc_mina_Sprite_24.uexp" 1347
"Z:/UE_Projects/Second-Chance-FN/Content/Character/Mina/FB_Mina_Walk_S.uasset" 1348
"Z:/UE_Projects/Second-Chance-FN/Content/Character/Mina/FB_Mina_Walk_S.uexp" 1349
"Z:/UE_Projects/Second-Chance-FN/Content/Character/Mina/Sprite/npc_mina_Sprite_15.uasset" 1350
"Z:/UE_Projects/Second-Chance-FN/Content/Character/Mina/Sprite/npc_mina_Sprite_15.uexp" 1351
"Z:/UE_Projects/Second-Chance-FN/Content/Character/Mina/Sprite/npc_mina_Sprite_16.uasset" 1352
"Z:/UE_Projects/Second-Chance-FN/Content/Character/Mina/Sprite/npc_mina_Sprite_16.uexp" 1353
"Z:/UE_Projects/Second-Chance-FN/Content/Character/Mina/Sprite/npc_mina_Sprite_17.uasset" 1354
"Z:/UE_Projects/Second-Chance-FN/Content/Character/Mina/Sprite/npc_mina_Sprite_17.uexp" 1355
"Z:/UE_Projects/Second-Chance-FN/Content/Character/Mina/Sprite/npc_mina_Sprite_18.uasset" 1356
"Z:/UE_Projects/Second-Chance-FN/Content/Character/Mina/Sprite/npc_mina_Sprite_18.uexp" 1357
"Z:/UE_Projects/Second-Chance-FN/Content/Character/Mina/Sprite/npc_mina_Sprite_19.uasset" 1358
"Z:/UE_Projects/Second-Chance-FN/Content/Character/Mina/Sprite/npc_mina_Sprite_19.uexp" 1359
"Z:/UE_Projects/Second-Chance-FN/Content/Character/Mina/FB__Mina_Walk_W.uasset" 1360
"Z:/UE_Projects/Second-Chance-FN/Content/Character/Mina/FB__Mina_Walk_W.uexp" 1361
"Z:/UE_Projects/Second-Chance-FN/Content/Core/Blueprint/Characters/Mina/AnimSequences/Walk.uasset" 1362
"Z:/UE_Projects/Second-Chance-FN/Content/Core/Blueprint/Characters/Mina/AnimSequences/Walk.uexp" 1363
"Z:/UE_Projects/Second-Chance-FN/Content/Core/Blueprint/Characters/Mina/ABP_Mina.uasset" 1364
"Z:/UE_Projects/Second-Chance-FN/Content/Core/Blueprint/Characters/Mina/ABP_Mina.uexp" 1365
"Z:/UE_Projects/Second-Chance-FN/Content/Core/Blueprint/Characters/BPC_NPCS.uasset" 1366
"Z:/UE_Projects/Second-Chance-FN/Content/Core/Blueprint/Characters/BPC_NPCS.uexp" 1367
"Z:/UE_Projects/Second-Chance-FN/Content/UI/Widgets/WBP_Loading.uasset" 1368
"Z:/UE_Projects/Second-Chance-FN/Content/UI/Widgets/WBP_Loading.uexp" 1369
"Z:/UE_Projects/Second-Chance-FN/Content/Systems/SaveData/BP_SaveData.uasset" 1370
"Z:/UE_Projects/Second-Chance-FN/Content/Systems/SaveData/BP_SaveData.uexp" 1371
"Z:/UE_Projects/Second-Chance-FN/Content/Core/GameInstance/BP_SecondChance_GameInstance.uasset" 1372
"Z:/UE_Projects/Second-Chance-FN/Content/Core/GameInstance/BP_SecondChance_GameInstance.uexp" 1373
"Z:/UE_Projects/Second-Chance-FN/Content/Core/PlayerController/BP_SecondChance_PlayerController.uasset" 1374
"Z:/UE_Projects/Second-Chance-FN/Content/Core/PlayerController/BP_SecondChance_PlayerController.uexp" 1375
"Z:/UE_Projects/Second-Chance-FN/Content/Core/GameMode/BP_SecondChance_GameMode.uasset" 1376
"Z:/UE_Projects/Second-Chance-FN/Content/Core/GameMode/BP_SecondChance_GameMode.uexp" 1377
"Z:/UE_Projects/Second-Chance-FN/Content/Systems/ObjectiveSystem/BP_ObjectiveTriggerBox.uasset" 1378
"Z:/UE_Projects/Second-Chance-FN/Content/Systems/ObjectiveSystem/BP_ObjectiveTriggerBox.uexp" 1379
"Z:/UE_Projects/Second-Chance-FN/Content/Game_Assets/3D_Models/Meshy_AI_Two_Story_Apartment_B_0329065053_texture/Textures/Meshy_AI_Two_Story_Apartment_B_0329065053_texture_texture_0.ubulk" 1380
"Z:/UE_Projects/Second-Chance-FN/Content/Game_Assets/3D_Models/Meshy_AI_Two_Story_Apartment_B_0329065053_texture/Textures/Meshy_AI_Two_Story_Apartment_B_0329065053_texture_texture_0.uasset" 1381
"Z:/UE_Projects/Second-Chance-FN/Content/Game_Assets/3D_Models/Meshy_AI_Two_Story_Apartment_B_0329065053_texture/Textures/Meshy_AI_Two_Story_Apartment_B_0329065053_texture_texture_0.uexp" 1382
"Z:/UE_Projects/Second-Chance-FN/Content/Game_Assets/3D_Models/Meshy_AI_Two_Story_Apartment_B_0329065053_texture/Textures/Meshy_AI_Two_Story_Apartment_B_0329065053_texture_texture_1.ubulk" 1383
"Z:/UE_Projects/Second-Chance-FN/Content/Game_Assets/3D_Models/Meshy_AI_Two_Story_Apartment_B_0329065053_texture/Textures/Meshy_AI_Two_Story_Apartment_B_0329065053_texture_texture_1.uasset" 1384
"Z:/UE_Projects/Second-Chance-FN/Content/Game_Assets/3D_Models/Meshy_AI_Two_Story_Apartment_B_0329065053_texture/Textures/Meshy_AI_Two_Story_Apartment_B_0329065053_texture_texture_1.uexp" 1385
"Z:/UE_Projects/Second-Chance-FN/Content/Game_Assets/3D_Models/Meshy_AI_Two_Story_Apartment_B_0329065053_texture/Textures/Meshy_AI_Two_Story_Apartment_B_0329065053_texture_texture_2.ubulk" 1386
"Z:/UE_Projects/Second-Chance-FN/Content/Game_Assets/3D_Models/Meshy_AI_Two_Story_Apartment_B_0329065053_texture/Textures/Meshy_AI_Two_Story_Apartment_B_0329065053_texture_texture_2.uasset" 1387
"Z:/UE_Projects/Second-Chance-FN/Content/Game_Assets/3D_Models/Meshy_AI_Two_Story_Apartment_B_0329065053_texture/Textures/Meshy_AI_Two_Story_Apartment_B_0329065053_texture_texture_2.uexp" 1388
"Z:/UE_Projects/Second-Chance-FN/Content/Game_Assets/3D_Models/Meshy_AI_Two_Story_Apartment_B_0329065053_texture/Materials/Meshy_AI_Two_Story_Apartment_B_0329065053_texture_material_0.uasset" 1389
"Z:/UE_Projects/Second-Chance-FN/Content/Game_Assets/3D_Models/Meshy_AI_Two_Story_Apartment_B_0329065053_texture/Materials/Meshy_AI_Two_Story_Apartment_B_0329065053_texture_material_0.uexp" 1390
"Z:/UE_Projects/Second-Chance-FN/Content/Game_Assets/3D_Models/Meshy_AI_Two_Story_Apartment_B_0329065053_texture/StaticMeshes/Meshy_AI_Two_Story_Apartment_B_0329065053_texture.ubulk" 1391
"Z:/UE_Projects/Second-Chance-FN/Content/Game_Assets/3D_Models/Meshy_AI_Two_Story_Apartment_B_0329065053_texture/StaticMeshes/Meshy_AI_Two_Story_Apartment_B_0329065053_texture.uasset" 1392
"Z:/UE_Projects/Second-Chance-FN/Content/Game_Assets/3D_Models/Meshy_AI_Two_Story_Apartment_B_0329065053_texture/StaticMeshes/Meshy_AI_Two_Story_Apartment_B_0329065053_texture.uexp" 1393
"Z:/UE_Projects/Second-Chance-FN/Content/Game_Assets/3D_Models/Meshy_AI_Two_Story_Suburban_Ho_0328130512_texture/Textures/Meshy_AI_Two_Story_Suburban_Ho_0328130512_texture_texture_0.ubulk" 1394
"Z:/UE_Projects/Second-Chance-FN/Content/Game_Assets/3D_Models/Meshy_AI_Two_Story_Suburban_Ho_0328130512_texture/Textures/Meshy_AI_Two_Story_Suburban_Ho_0328130512_texture_texture_0.uasset" 1395
"Z:/UE_Projects/Second-Chance-FN/Content/Game_Assets/3D_Models/Meshy_AI_Two_Story_Suburban_Ho_0328130512_texture/Textures/Meshy_AI_Two_Story_Suburban_Ho_0328130512_texture_texture_0.uexp" 1396
"Z:/UE_Projects/Second-Chance-FN/Content/Game_Assets/3D_Models/Meshy_AI_Two_Story_Suburban_Ho_0328130512_texture/Textures/Meshy_AI_Two_Story_Suburban_Ho_0328130512_texture_texture_1.ubulk" 1397
"Z:/UE_Projects/Second-Chance-FN/Content/Game_Assets/3D_Models/Meshy_AI_Two_Story_Suburban_Ho_0328130512_texture/Textures/Meshy_AI_Two_Story_Suburban_Ho_0328130512_texture_texture_1.uasset" 1398
"Z:/UE_Projects/Second-Chance-FN/Content/Game_Assets/3D_Models/Meshy_AI_Two_Story_Suburban_Ho_0328130512_texture/Textures/Meshy_AI_Two_Story_Suburban_Ho_0328130512_texture_texture_1.uexp" 1399
"Z:/UE_Projects/Second-Chance-FN/Content/Game_Assets/3D_Models/Meshy_AI_Two_Story_Suburban_Ho_0328130512_texture/Textures/Meshy_AI_Two_Story_Suburban_Ho_0328130512_texture_texture_2.ubulk" 1400
"Z:/UE_Projects/Second-Chance-FN/Content/Game_Assets/3D_Models/Meshy_AI_Two_Story_Suburban_Ho_0328130512_texture/Textures/Meshy_AI_Two_Story_Suburban_Ho_0328130512_texture_texture_2.uasset" 1401
"Z:/UE_Projects/Second-Chance-FN/Content/Game_Assets/3D_Models/Meshy_AI_Two_Story_Suburban_Ho_0328130512_texture/Textures/Meshy_AI_Two_Story_Suburban_Ho_0328130512_texture_texture_2.uexp" 1402
"Z:/UE_Projects/Second-Chance-FN/Content/Game_Assets/3D_Models/Meshy_AI_Two_Story_Suburban_Ho_0328130512_texture/Materials/Meshy_AI_Two_Story_Suburban_Ho_0328130512_texture_material_0.uasset" 1403
"Z:/UE_Projects/Second-Chance-FN/Content/Game_Assets/3D_Models/Meshy_AI_Two_Story_Suburban_Ho_0328130512_texture/Materials/Meshy_AI_Two_Story_Suburban_Ho_0328130512_texture_material_0.uexp" 1404
"Z:/UE_Projects/Second-Chance-FN/Content/Game_Assets/3D_Models/Meshy_AI_Two_Story_Suburban_Ho_0328130512_texture/StaticMeshes/Meshy_AI_Two_Story_Suburban_Ho_0328130512_texture.ubulk" 1405
"Z:/UE_Projects/Second-Chance-FN/Content/Game_Assets/3D_Models/Meshy_AI_Two_Story_Suburban_Ho_0328130512_texture/StaticMeshes/Meshy_AI_Two_Story_Suburban_Ho_0328130512_texture.uasset" 1406
"Z:/UE_Projects/Second-Chance-FN/Content/Game_Assets/3D_Models/Meshy_AI_Two_Story_Suburban_Ho_0328130512_texture/StaticMeshes/Meshy_AI_Two_Story_Suburban_Ho_0328130512_texture.uexp" 1407
"Z:/UE_Projects/Second-Chance-FN/Content/Game_Assets/EnviromentTexture/Tree/Meshy_AI_Low_poly_3D_model_of__0403114942_texture/Textures/Meshy_AI_Low_poly_3D_model_of__0403114942_texture_texture_1.ubulk" 1408
"Z:/UE_Projects/Second-Chance-FN/Content/Game_Assets/EnviromentTexture/Tree/Meshy_AI_Low_poly_3D_model_of__0403114942_texture/Textures/Meshy_AI_Low_poly_3D_model_of__0403114942_texture_texture_1.uasset" 1409
"Z:/UE_Projects/Second-Chance-FN/Content/Game_Assets/EnviromentTexture/Tree/Meshy_AI_Low_poly_3D_model_of__0403114942_texture/Textures/Meshy_AI_Low_poly_3D_model_of__0403114942_texture_texture_1.uexp" 1410
"Z:/UE_Projects/Second-Chance-FN/Content/Game_Assets/EnviromentTexture/Tree/Meshy_AI_Low_poly_3D_model_of__0403114942_texture/Textures/Meshy_AI_Low_poly_3D_model_of__0403114942_texture_texture_2.ubulk" 1411
"Z:/UE_Projects/Second-Chance-FN/Content/Game_Assets/EnviromentTexture/Tree/Meshy_AI_Low_poly_3D_model_of__0403114942_texture/Textures/Meshy_AI_Low_poly_3D_model_of__0403114942_texture_texture_2.uasset" 1412
"Z:/UE_Projects/Second-Chance-FN/Content/Game_Assets/EnviromentTexture/Tree/Meshy_AI_Low_poly_3D_model_of__0403114942_texture/Textures/Meshy_AI_Low_poly_3D_model_of__0403114942_texture_texture_2.uexp" 1413
"Z:/UE_Projects/Second-Chance-FN/Content/Game_Assets/EnviromentTexture/Tree/Meshy_AI_Low_poly_3D_model_of__0403114942_texture/Materials/Meshy_AI_Low_poly_3D_model_of__0403114942_texture_material_0.uasset" 1414
"Z:/UE_Projects/Second-Chance-FN/Content/Game_Assets/EnviromentTexture/Tree/Meshy_AI_Low_poly_3D_model_of__0403114942_texture/Materials/Meshy_AI_Low_poly_3D_model_of__0403114942_texture_material_0.uexp" 1415
"Z:/UE_Projects/Second-Chance-FN/Content/Game_Assets/EnviromentTexture/Tree/Meshy_AI_Low_poly_3D_model_of__0403114942_texture/StaticMeshes/Meshy_AI_Low_poly_3D_model_of__0403114942_texture.ubulk" 1416
"Z:/UE_Projects/Second-Chance-FN/Content/Game_Assets/EnviromentTexture/Tree/Meshy_AI_Low_poly_3D_model_of__0403114942_texture/StaticMeshes/Meshy_AI_Low_poly_3D_model_of__0403114942_texture.uasset" 1417
"Z:/UE_Projects/Second-Chance-FN/Content/Game_Assets/EnviromentTexture/Tree/Meshy_AI_Low_poly_3D_model_of__0403114942_texture/StaticMeshes/Meshy_AI_Low_poly_3D_model_of__0403114942_texture.uexp" 1418
"Z:/UE_Projects/Second-Chance-FN/Content/Materials/glitch-texture-1.uasset" 1419
"Z:/UE_Projects/Second-Chance-FN/Content/Materials/glitch-texture-1.uexp" 1420
"Z:/UE_Projects/Second-Chance-FN/Content/Materials/Glitch_Effect.uasset" 1421
"Z:/UE_Projects/Second-Chance-FN/Content/Materials/Glitch_Effect.uexp" 1422
"Z:/UE_Projects/Second-Chance-FN/Content/Materials/Untitled29_20260824124314.uasset" 1423
"Z:/UE_Projects/Second-Chance-FN/Content/Materials/Untitled29_20260824124314.uexp" 1424
"Z:/UE_Projects/Second-Chance-FN/Content/Materials/Untitled29_20260824124314_Sprite.uasset" 1425
"Z:/UE_Projects/Second-Chance-FN/Content/Materials/Untitled29_20260824124314_Sprite.uexp" 1426
"Z:/UE_Projects/Second-Chance-FN/Content/Levels/SC_Test.uexp" 1427
"Z:/UE_Projects/Second-Chance-FN/Content/Levels/SC_Test.umap" 1428
"../../../Engine/Content/BasicShapes/Cylinder.ubulk" 1429
"../../../Engine/Content/BasicShapes/Cylinder.uasset" 1430
"../../../Engine/Content/BasicShapes/Cylinder.uexp" 1431
"../../../Engine/Content/TemplateResources/M_Template_Master.uasset" 1432
"../../../Engine/Content/TemplateResources/M_Template_Master.uexp" 1433
"../../../Engine/Content/TemplateResources/MI_Template_BaseGray_03_Metal.uasset" 1434
"../../../Engine/Content/TemplateResources/MI_Template_BaseGray_03_Metal.uexp" 1435
"../../../Engine/Content/EditorMaterials/Cloth/CameraLitDoubleSided.uasset" 1436
"../../../Engine/Content/EditorMaterials/Cloth/CameraLitDoubleSided.uexp" 1437
"../../../Engine/Content/Engine_MI_Shaders/T_Emissive.uasset" 1438
"../../../Engine/Content/Engine_MI_Shaders/T_Emissive.uexp" 1439
"../../../Engine/Content/Engine_MI_Shaders/T_Reflection.uasset" 1440
"../../../Engine/Content/Engine_MI_Shaders/T_Reflection.uexp" 1441
"../../../Engine/Content/Engine_MI_Shaders/M_Shader_SimpleTranslucent.uasset" 1442
"../../../Engine/Content/Engine_MI_Shaders/M_Shader_SimpleTranslucent.uexp" 1443
"../../../Engine/Content/Engine_MI_Shaders/Instances/M_Shader_SimpleTranslucent_Invis.uasset" 1444
"../../../Engine/Content/Engine_MI_Shaders/Instances/M_Shader_SimpleTranslucent_Invis.uexp" 1445
"Z:/UE_Projects/Second-Chance-FN/Content/Game_Assets/3D_Models/house1/Image_0.ubulk" 1446
"Z:/UE_Projects/Second-Chance-FN/Content/Game_Assets/3D_Models/house1/Image_0.uasset" 1447
"Z:/UE_Projects/Second-Chance-FN/Content/Game_Assets/3D_Models/house1/Image_0.uexp" 1448
"Z:/UE_Projects/Second-Chance-FN/Content/Game_Assets/3D_Models/house1/Image_2.ubulk" 1449
"Z:/UE_Projects/Second-Chance-FN/Content/Game_Assets/3D_Models/house1/Image_2.uasset" 1450
"Z:/UE_Projects/Second-Chance-FN/Content/Game_Assets/3D_Models/house1/Image_2.uexp" 1451
"Z:/UE_Projects/Second-Chance-FN/Content/Game_Assets/3D_Models/house1/texture_0_roughness.ubulk" 1452
"Z:/UE_Projects/Second-Chance-FN/Content/Game_Assets/3D_Models/house1/texture_0_roughness.uasset" 1453
"Z:/UE_Projects/Second-Chance-FN/Content/Game_Assets/3D_Models/house1/texture_0_roughness.uexp" 1454
"Z:/UE_Projects/Second-Chance-FN/Content/Game_Assets/3D_Models/house1/Material_001.uasset" 1455
"Z:/UE_Projects/Second-Chance-FN/Content/Game_Assets/3D_Models/house1/Material_001.uexp" 1456
"Z:/UE_Projects/Second-Chance-FN/Content/Game_Assets/3D_Models/house1/Meshy_AI_Classic_Schoolhouse_I_0916120452_texture.ubulk" 1457
"Z:/UE_Projects/Second-Chance-FN/Content/Game_Assets/3D_Models/house1/Meshy_AI_Classic_Schoolhouse_I_0916120452_texture.uasset" 1458
"Z:/UE_Projects/Second-Chance-FN/Content/Game_Assets/3D_Models/house1/Meshy_AI_Classic_Schoolhouse_I_0916120452_texture.uexp" 1459
"Z:/UE_Projects/Second-Chance-FN/Content/Game_Assets/3D_Models/house2/Image_0.ubulk" 1460
"Z:/UE_Projects/Second-Chance-FN/Content/Game_Assets/3D_Models/house2/Image_0.uasset" 1461
"Z:/UE_Projects/Second-Chance-FN/Content/Game_Assets/3D_Models/house2/Image_0.uexp" 1462
"Z:/UE_Projects/Second-Chance-FN/Content/Game_Assets/3D_Models/house2/Image_2.ubulk" 1463
"Z:/UE_Projects/Second-Chance-FN/Content/Game_Assets/3D_Models/house2/Image_2.uasset" 1464
"Z:/UE_Projects/Second-Chance-FN/Content/Game_Assets/3D_Models/house2/Image_2.uexp" 1465
"Z:/UE_Projects/Second-Chance-FN/Content/Game_Assets/3D_Models/house2/texture_0_roughness.ubulk" 1466
"Z:/UE_Projects/Second-Chance-FN/Content/Game_Assets/3D_Models/house2/texture_0_roughness.uasset" 1467
"Z:/UE_Projects/Second-Chance-FN/Content/Game_Assets/3D_Models/house2/texture_0_roughness.uexp" 1468
"Z:/UE_Projects/Second-Chance-FN/Content/Game_Assets/3D_Models/house2/Material_001.uasset" 1469
"Z:/UE_Projects/Second-Chance-FN/Content/Game_Assets/3D_Models/house2/Material_001.uexp" 1470
"Z:/UE_Projects/Second-Chance-FN/Content/Game_Assets/3D_Models/house2/Meshy_AI_Classic_Schoolhouse_I_0916113541_texture.ubulk" 1471
"Z:/UE_Projects/Second-Chance-FN/Content/Game_Assets/3D_Models/house2/Meshy_AI_Classic_Schoolhouse_I_0916113541_texture.uasset" 1472
"Z:/UE_Projects/Second-Chance-FN/Content/Game_Assets/3D_Models/house2/Meshy_AI_Classic_Schoolhouse_I_0916113541_texture.uexp" 1473
"Z:/UE_Projects/Second-Chance-FN/Content/Game_Assets/3D_Models/Meshy_AI_Classic_Schoolhouse_I_0916121606_texture_fbx/Image_0.ubulk" 1474
"Z:/UE_Projects/Second-Chance-FN/Content/Game_Assets/3D_Models/Meshy_AI_Classic_Schoolhouse_I_0916121606_texture_fbx/Image_0.uasset" 1475
"Z:/UE_Projects/Second-Chance-FN/Content/Game_Assets/3D_Models/Meshy_AI_Classic_Schoolhouse_I_0916121606_texture_fbx/Image_0.uexp" 1476
"Z:/UE_Projects/Second-Chance-FN/Content/Game_Assets/3D_Models/Meshy_AI_Classic_Schoolhouse_I_0916121606_texture_fbx/Image_2.ubulk" 1477
"Z:/UE_Projects/Second-Chance-FN/Content/Game_Assets/3D_Models/Meshy_AI_Classic_Schoolhouse_I_0916121606_texture_fbx/Image_2.uasset" 1478
"Z:/UE_Projects/Second-Chance-FN/Content/Game_Assets/3D_Models/Meshy_AI_Classic_Schoolhouse_I_0916121606_texture_fbx/Image_2.uexp" 1479
"Z:/UE_Projects/Second-Chance-FN/Content/Game_Assets/3D_Models/Meshy_AI_Classic_Schoolhouse_I_0916121606_texture_fbx/texture_0_roughness.ubulk" 1480
"Z:/UE_Projects/Second-Chance-FN/Content/Game_Assets/3D_Models/Meshy_AI_Classic_Schoolhouse_I_0916121606_texture_fbx/texture_0_roughness.uasset" 1481
"Z:/UE_Projects/Second-Chance-FN/Content/Game_Assets/3D_Models/Meshy_AI_Classic_Schoolhouse_I_0916121606_texture_fbx/texture_0_roughness.uexp" 1482
"Z:/UE_Projects/Second-Chance-FN/Content/Game_Assets/3D_Models/Meshy_AI_Classic_Schoolhouse_I_0916121606_texture_fbx/Material_001.uasset" 1483
"Z:/UE_Projects/Second-Chance-FN/Content/Game_Assets/3D_Models/Meshy_AI_Classic_Schoolhouse_I_0916121606_texture_fbx/Material_001.uexp" 1484
"Z:/UE_Projects/Second-Chance-FN/Content/Game_Assets/3D_Models/Meshy_AI_Classic_Schoolhouse_I_0916121606_texture_fbx/Meshy_AI_Classic_Schoolhouse_I_0916121606_texture.ubulk" 1485
"Z:/UE_Projects/Second-Chance-FN/Content/Game_Assets/3D_Models/Meshy_AI_Classic_Schoolhouse_I_0916121606_texture_fbx/Meshy_AI_Classic_Schoolhouse_I_0916121606_texture.uasset" 1486
"Z:/UE_Projects/Second-Chance-FN/Content/Game_Assets/3D_Models/Meshy_AI_Classic_Schoolhouse_I_0916121606_texture_fbx/Meshy_AI_Classic_Schoolhouse_I_0916121606_texture.uexp" 1487
"Z:/UE_Projects/Second-Chance-FN/Content/Game_Assets/Props/medical-tent/source/Tent2_UDIM_1001.uasset" 1488
"Z:/UE_Projects/Second-Chance-FN/Content/Game_Assets/Props/medical-tent/source/Tent2_UDIM_1001.uexp" 1489
"Z:/UE_Projects/Second-Chance-FN/Content/Game_Assets/Props/medical-tent/source/Tent_High.ubulk" 1490
"Z:/UE_Projects/Second-Chance-FN/Content/Game_Assets/Props/medical-tent/source/Tent_High.uasset" 1491
"Z:/UE_Projects/Second-Chance-FN/Content/Game_Assets/Props/medical-tent/source/Tent_High.uexp" 1492
"Z:/UE_Projects/Second-Chance-FN/Content/Core/Blueprint/Characters/Aki/PM_Snow.uasset" 1493
"Z:/UE_Projects/Second-Chance-FN/Content/Core/Blueprint/Characters/Aki/PM_Snow.uexp" 1494
"Z:/UE_Projects/Second-Chance-FN/Content/Core/Blueprint/Characters/DetectiveYamamoto/AS_DetectiveYamamoto.uasset" 1495
"Z:/UE_Projects/Second-Chance-FN/Content/Core/Blueprint/Characters/DetectiveYamamoto/AS_DetectiveYamamoto.uexp" 1496
"Z:/UE_Projects/Second-Chance-FN/Content/Core/Blueprint/Characters/DetectiveYamamoto/ABP_DetectiveYamamoto.uasset" 1497
"Z:/UE_Projects/Second-Chance-FN/Content/Core/Blueprint/Characters/DetectiveYamamoto/ABP_DetectiveYamamoto.uexp" 1498
"Z:/UE_Projects/Second-Chance-FN/Content/Core/Blueprint/Characters/DetectiveYamamoto/BP_NPC_DetectiveYamamoto.uasset" 1499
"Z:/UE_Projects/Second-Chance-FN/Content/Core/Blueprint/Characters/DetectiveYamamoto/BP_NPC_DetectiveYamamoto.uexp" 1500
"Z:/UE_Projects/Second-Chance-FN/Content/Levels/SC_PresentCrime2.uexp" 1501
"Z:/UE_Projects/Second-Chance-FN/Content/Levels/SC_PresentCrime2.umap" 1502
"Z:/UE_Projects/Second-Chance-FN/Content/Game_Assets/3D_Models/Apartment/Image_0.ubulk" 1503
"Z:/UE_Projects/Second-Chance-FN/Content/Game_Assets/3D_Models/Apartment/Image_0.uasset" 1504
"Z:/UE_Projects/Second-Chance-FN/Content/Game_Assets/3D_Models/Apartment/Image_0.uexp" 1505
"Z:/UE_Projects/Second-Chance-FN/Content/Game_Assets/3D_Models/Apartment/Image_2.ubulk" 1506
"Z:/UE_Projects/Second-Chance-FN/Content/Game_Assets/3D_Models/Apartment/Image_2.uasset" 1507
"Z:/UE_Projects/Second-Chance-FN/Content/Game_Assets/3D_Models/Apartment/Image_2.uexp" 1508
"Z:/UE_Projects/Second-Chance-FN/Content/Game_Assets/3D_Models/Apartment/texture_0_roughness.ubulk" 1509
"Z:/UE_Projects/Second-Chance-FN/Content/Game_Assets/3D_Models/Apartment/texture_0_roughness.uasset" 1510
"Z:/UE_Projects/Second-Chance-FN/Content/Game_Assets/3D_Models/Apartment/texture_0_roughness.uexp" 1511
"Z:/UE_Projects/Second-Chance-FN/Content/Game_Assets/3D_Models/Apartment/Material_001.uasset" 1512
"Z:/UE_Projects/Second-Chance-FN/Content/Game_Assets/3D_Models/Apartment/Material_001.uexp" 1513
"Z:/UE_Projects/Second-Chance-FN/Content/Game_Assets/3D_Models/Apartment/Meshy_AI_Snowy_Peach_Building_0919090310_texture.ubulk" 1514
"Z:/UE_Projects/Second-Chance-FN/Content/Game_Assets/3D_Models/Apartment/Meshy_AI_Snowy_Peach_Building_0919090310_texture.uasset" 1515
"Z:/UE_Projects/Second-Chance-FN/Content/Game_Assets/3D_Models/Apartment/Meshy_AI_Snowy_Peach_Building_0919090310_texture.uexp" 1516
"Z:/UE_Projects/Second-Chance-FN/Content/Materials/MysteryCandy.uasset" 1517
"Z:/UE_Projects/Second-Chance-FN/Content/Materials/MysteryCandy.uexp" 1518
"Z:/UE_Projects/Second-Chance-FN/Content/Materials/S_MysteryCandy.uasset" 1519
"Z:/UE_Projects/Second-Chance-FN/Content/Materials/S_MysteryCandy.uexp" 1520
"Z:/UE_Projects/Second-Chance-FN/Content/Core/Blueprint/Characters/Okonkwo/BPC_Okonkwo.uasset" 1521
"Z:/UE_Projects/Second-Chance-FN/Content/Core/Blueprint/Characters/Okonkwo/BPC_Okonkwo.uexp" 1522
"Z:/UE_Projects/Second-Chance-FN/Content/Materials/GrandmaAndDog_.uasset" 1523
"Z:/UE_Projects/Second-Chance-FN/Content/Materials/GrandmaAndDog_.uexp" 1524
"Z:/UE_Projects/Second-Chance-FN/Content/Materials/GrandmaAndDog__Sprite_1.uasset" 1525
"Z:/UE_Projects/Second-Chance-FN/Content/Materials/GrandmaAndDog__Sprite_1.uexp" 1526
"Z:/UE_Projects/Second-Chance-FN/Content/Materials/GrandmaAndDog__Sprite_3.uasset" 1527
"Z:/UE_Projects/Second-Chance-FN/Content/Materials/GrandmaAndDog__Sprite_3.uexp" 1528
"Z:/UE_Projects/Second-Chance-FN/Content/Materials/GrandmaAndDog__Sprite_5.uasset" 1529
"Z:/UE_Projects/Second-Chance-FN/Content/Materials/GrandmaAndDog__Sprite_5.uexp" 1530
"Z:/UE_Projects/Second-Chance-FN/Content/Core/Blueprint/Characters/Okonkwo/Dog.uasset" 1531
"Z:/UE_Projects/Second-Chance-FN/Content/Core/Blueprint/Characters/Okonkwo/Dog.uexp" 1532
"Z:/UE_Projects/Second-Chance-FN/Content/Materials/GrandmaAndDog__Sprite_0.uasset" 1533
"Z:/UE_Projects/Second-Chance-FN/Content/Materials/GrandmaAndDog__Sprite_0.uexp" 1534
"Z:/UE_Projects/Second-Chance-FN/Content/Materials/GrandmaAndDog__Sprite_2.uasset" 1535
"Z:/UE_Projects/Second-Chance-FN/Content/Materials/GrandmaAndDog__Sprite_2.uexp" 1536
"Z:/UE_Projects/Second-Chance-FN/Content/Materials/GrandmaAndDog__Sprite_4.uasset" 1537
"Z:/UE_Projects/Second-Chance-FN/Content/Materials/GrandmaAndDog__Sprite_4.uexp" 1538
"Z:/UE_Projects/Second-Chance-FN/Content/Core/Blueprint/Characters/Okonkwo/Grandma.uasset" 1539
"Z:/UE_Projects/Second-Chance-FN/Content/Core/Blueprint/Characters/Okonkwo/Grandma.uexp" 1540
"Z:/UE_Projects/Second-Chance-FN/Content/Levels/SC_PresentCrime.uexp" 1541
"Z:/UE_Projects/Second-Chance-FN/Content/Levels/SC_PresentCrime.umap" 1542
"Z:/UE_Projects/Second-Chance-FN/Content/Materials/deadbody.uasset" 1543
"Z:/UE_Projects/Second-Chance-FN/Content/Materials/deadbody.uexp" 1544
"Z:/UE_Projects/Second-Chance-FN/Content/Materials/deadbody_Sprite.uasset" 1545
"Z:/UE_Projects/Second-Chance-FN/Content/Materials/deadbody_Sprite.uexp" 1546
"Z:/UE_Projects/Second-Chance-FN/Content/Levels/SC_PresentAfter.uexp" 1547
"Z:/UE_Projects/Second-Chance-FN/Content/Levels/SC_PresentAfter.umap" 1548
"../../../Engine/Content/BasicShapes/BasicShapeMaterial.uasset" 1549
"../../../Engine/Content/BasicShapes/BasicShapeMaterial.uexp" 1550
"../../../Engine/Content/EditorLandscapeResources/CircleBrushMaterial_Spherical.uasset" 1551
"../../../Engine/Content/EditorLandscapeResources/CircleBrushMaterial_Spherical.uexp" 1552
"Z:/UE_Projects/Second-Chance-FN/Content/Game_Assets/Classroom/R.ubulk" 1553
"Z:/UE_Projects/Second-Chance-FN/Content/Game_Assets/Classroom/R.uasset" 1554
"Z:/UE_Projects/Second-Chance-FN/Content/Game_Assets/Classroom/R.uexp" 1555
"../../../Engine/Plugins/Interchange/Assets/Content/gltf/MaterialInstances/MI_Default_Opaque.uasset" 1556
"../../../Engine/Plugins/Interchange/Assets/Content/gltf/MaterialInstances/MI_Default_Opaque.uexp" 1557
"Z:/UE_Projects/Second-Chance-FN/Content/Game_Assets/maple_tree/Textures/maple_tree_texture_0.ubulk" 1558
"Z:/UE_Projects/Second-Chance-FN/Content/Game_Assets/maple_tree/Textures/maple_tree_texture_0.uasset" 1559
"Z:/UE_Projects/Second-Chance-FN/Content/Game_Assets/maple_tree/Textures/maple_tree_texture_0.uexp" 1560
"Z:/UE_Projects/Second-Chance-FN/Content/Game_Assets/maple_tree/Textures/maple_tree_texture_1.ubulk" 1561
"Z:/UE_Projects/Second-Chance-FN/Content/Game_Assets/maple_tree/Textures/maple_tree_texture_1.uasset" 1562
"Z:/UE_Projects/Second-Chance-FN/Content/Game_Assets/maple_tree/Textures/maple_tree_texture_1.uexp" 1563
"Z:/UE_Projects/Second-Chance-FN/Content/Game_Assets/maple_tree/Materials/Groundcover_Wood_Mix.uasset" 1564
"Z:/UE_Projects/Second-Chance-FN/Content/Game_Assets/maple_tree/Materials/Groundcover_Wood_Mix.uexp" 1565
"Z:/UE_Projects/Second-Chance-FN/Content/Core/Blueprint/Characters/Aki/PM_Wood.uasset" 1566
"Z:/UE_Projects/Second-Chance-FN/Content/Core/Blueprint/Characters/Aki/PM_Wood.uexp" 1567
"Z:/UE_Projects/Second-Chance-FN/Content/Levels/SC_Office.uexp" 1568
"Z:/UE_Projects/Second-Chance-FN/Content/Levels/SC_Office.umap" 1569
"../../../Engine/Content/Functions/Engine_MaterialFunctions01/Shading/ConvertFromDiffSpec.uasset" 1570
"../../../Engine/Content/Functions/Engine_MaterialFunctions01/Shading/ConvertFromDiffSpec.uexp" 1571
"../../../Engine/Content/EngineDebugMaterials/ShadedLevelColorationLitMaterial.uasset" 1572
"../../../Engine/Content/EngineDebugMaterials/ShadedLevelColorationLitMaterial.uexp" 1573
"../../../Engine/Content/EngineDebugMaterials/LightingModels/M_TextureDefinedSpecularReflecti.uasset" 1574
"../../../Engine/Content/EngineDebugMaterials/LightingModels/M_TextureDefinedSpecularReflecti.uexp" 1575
"../../../Engine/Content/MaterialTemplates/PerfTricks/M_SpecularUsingDiffuse.uasset" 1576
"../../../Engine/Content/MaterialTemplates/PerfTricks/M_SpecularUsingDiffuse.uexp" 1577
"Z:/UE_Projects/Second-Chance-FN/Content/Game_Assets/Props/Stalls/Image_0.ubulk" 1578
"Z:/UE_Projects/Second-Chance-FN/Content/Game_Assets/Props/Stalls/Image_0.uasset" 1579
"Z:/UE_Projects/Second-Chance-FN/Content/Game_Assets/Props/Stalls/Image_0.uexp" 1580
"Z:/UE_Projects/Second-Chance-FN/Content/Game_Assets/Props/Stalls/Image_2.ubulk" 1581
"Z:/UE_Projects/Second-Chance-FN/Content/Game_Assets/Props/Stalls/Image_2.uasset" 1582
"Z:/UE_Projects/Second-Chance-FN/Content/Game_Assets/Props/Stalls/Image_2.uexp" 1583
"Z:/UE_Projects/Second-Chance-FN/Content/Game_Assets/Props/Stalls/texture_0_roughness.ubulk" 1584
"Z:/UE_Projects/Second-Chance-FN/Content/Game_Assets/Props/Stalls/texture_0_roughness.uasset" 1585
"Z:/UE_Projects/Second-Chance-FN/Content/Game_Assets/Props/Stalls/texture_0_roughness.uexp" 1586
"Z:/UE_Projects/Second-Chance-FN/Content/Game_Assets/Props/Stalls/Material_001.uasset" 1587
"Z:/UE_Projects/Second-Chance-FN/Content/Game_Assets/Props/Stalls/Material_001.uexp" 1588
"Z:/UE_Projects/Second-Chance-FN/Content/Game_Assets/Props/Stalls/Meshy_AI_Fresh_Produce_Market__0825151652_texture.ubulk" 1589
"Z:/UE_Projects/Second-Chance-FN/Content/Game_Assets/Props/Stalls/Meshy_AI_Fresh_Produce_Market__0825151652_texture.uasset" 1590
"Z:/UE_Projects/Second-Chance-FN/Content/Game_Assets/Props/Stalls/Meshy_AI_Fresh_Produce_Market__0825151652_texture.uexp" 1591
"Z:/UE_Projects/Second-Chance-FN/Content/Game_Assets/EnviromentTexture/Tree/textures/sakura_bark_diff_4k.ubulk" 1592
"Z:/UE_Projects/Second-Chance-FN/Content/Game_Assets/EnviromentTexture/Tree/textures/sakura_bark_diff_4k.uasset" 1593
"Z:/UE_Projects/Second-Chance-FN/Content/Game_Assets/EnviromentTexture/Tree/textures/sakura_bark_diff_4k.uexp" 1594
"Z:/UE_Projects/Second-Chance-FN/Content/Game_Assets/EnviromentTexture/Tree/textures/sakura_bark_diff_4k_Mat.uasset" 1595
"Z:/UE_Projects/Second-Chance-FN/Content/Game_Assets/EnviromentTexture/Tree/textures/sakura_bark_diff_4k_Mat.uexp" 1596
"Z:/UE_Projects/Second-Chance-FN/Content/Materials/PolaroidPhoto.uasset" 1597
"Z:/UE_Projects/Second-Chance-FN/Content/Materials/PolaroidPhoto.uexp" 1598
"Z:/UE_Projects/Second-Chance-FN/Content/Materials/PolaroidPhoto_Sprite.uasset" 1599
"Z:/UE_Projects/Second-Chance-FN/Content/Materials/PolaroidPhoto_Sprite.uexp" 1600
"Z:/UE_Projects/Second-Chance-FN/Content/Levels/SC_NoonFestival.uexp" 1601
"Z:/UE_Projects/Second-Chance-FN/Content/Levels/SC_NoonFestival.umap" 1602
"Z:/UE_Projects/Second-Chance-FN/Content/Character/Mother/Texture/Mother.uasset" 1603
"Z:/UE_Projects/Second-Chance-FN/Content/Character/Mother/Texture/Mother.uexp" 1604
"Z:/UE_Projects/Second-Chance-FN/Content/Character/Mother/Sprite/Mother_Sprite_0.uasset" 1605
"Z:/UE_Projects/Second-Chance-FN/Content/Character/Mother/Sprite/Mother_Sprite_0.uexp" 1606
"Z:/UE_Projects/Second-Chance-FN/Content/Character/Mother/Sprite/Mother_Sprite_1.uasset" 1607
"Z:/UE_Projects/Second-Chance-FN/Content/Character/Mother/Sprite/Mother_Sprite_1.uexp" 1608
"Z:/UE_Projects/Second-Chance-FN/Content/Character/Mother/Sprite/Mother_Sprite_2.uasset" 1609
"Z:/UE_Projects/Second-Chance-FN/Content/Character/Mother/Sprite/Mother_Sprite_2.uexp" 1610
"Z:/UE_Projects/Second-Chance-FN/Content/Character/Mother/FB_Mother_Idle.uasset" 1611
"Z:/UE_Projects/Second-Chance-FN/Content/Character/Mother/FB_Mother_Idle.uexp" 1612
"Z:/UE_Projects/Second-Chance-FN/Content/Character/Worker/Texture/worker.uasset" 1613
"Z:/UE_Projects/Second-Chance-FN/Content/Character/Worker/Texture/worker.uexp" 1614
"Z:/UE_Projects/Second-Chance-FN/Content/Character/Worker/Texture/worker_Sprite_20.uasset" 1615
"Z:/UE_Projects/Second-Chance-FN/Content/Character/Worker/Texture/worker_Sprite_20.uexp" 1616
"Z:/UE_Projects/Second-Chance-FN/Content/Character/Worker/Texture/worker_Sprite_21.uasset" 1617
"Z:/UE_Projects/Second-Chance-FN/Content/Character/Worker/Texture/worker_Sprite_21.uexp" 1618
"Z:/UE_Projects/Second-Chance-FN/Content/Character/Worker/Texture/worker_Sprite_22.uasset" 1619
"Z:/UE_Projects/Second-Chance-FN/Content/Character/Worker/Texture/worker_Sprite_22.uexp" 1620
"Z:/UE_Projects/Second-Chance-FN/Content/Character/Worker/Texture/worker_Sprite_23.uasset" 1621
"Z:/UE_Projects/Second-Chance-FN/Content/Character/Worker/Texture/worker_Sprite_23.uexp" 1622
"Z:/UE_Projects/Second-Chance-FN/Content/Character/Worker/Texture/worker_Sprite_24.uasset" 1623
"Z:/UE_Projects/Second-Chance-FN/Content/Character/Worker/Texture/worker_Sprite_24.uexp" 1624
"Z:/UE_Projects/Second-Chance-FN/Content/Character/Worker/Texture/Worker_Talking.uasset" 1625
"Z:/UE_Projects/Second-Chance-FN/Content/Character/Worker/Texture/Worker_Talking.uexp" 1626
"Z:/UE_Projects/Second-Chance-FN/Content/Materials/ColdMedicineBottle.uasset" 1627
"Z:/UE_Projects/Second-Chance-FN/Content/Materials/ColdMedicineBottle.uexp" 1628
"Z:/UE_Projects/Second-Chance-FN/Content/Materials/ColdMedicineBottle_Sprite.uasset" 1629
"Z:/UE_Projects/Second-Chance-FN/Content/Materials/ColdMedicineBottle_Sprite.uexp" 1630
"Z:/UE_Projects/Second-Chance-FN/Content/Character/Worker/Texture/worker_Sprite_0.uasset" 1631
"Z:/UE_Projects/Second-Chance-FN/Content/Character/Worker/Texture/worker_Sprite_0.uexp" 1632
"Z:/UE_Projects/Second-Chance-FN/Content/Character/Worker/Texture/worker_Sprite_2.uasset" 1633
"Z:/UE_Projects/Second-Chance-FN/Content/Character/Worker/Texture/worker_Sprite_2.uexp" 1634
"Z:/UE_Projects/Second-Chance-FN/Content/Character/Worker/Texture/worker_Sprite_3.uasset" 1635
"Z:/UE_Projects/Second-Chance-FN/Content/Character/Worker/Texture/worker_Sprite_3.uexp" 1636
"Z:/UE_Projects/Second-Chance-FN/Content/Character/Worker/Texture/worker_Sprite_4.uasset" 1637
"Z:/UE_Projects/Second-Chance-FN/Content/Character/Worker/Texture/worker_Sprite_4.uexp" 1638
"Z:/UE_Projects/Second-Chance-FN/Content/Character/Worker/Texture/Worker_Idle.uasset" 1639
"Z:/UE_Projects/Second-Chance-FN/Content/Character/Worker/Texture/Worker_Idle.uexp" 1640
"Z:/UE_Projects/Second-Chance-FN/Content/Core/Blueprint/Characters/FestivalWorker/BPC_NPC_Worker.uasset" 1641
"Z:/UE_Projects/Second-Chance-FN/Content/Core/Blueprint/Characters/FestivalWorker/BPC_NPC_Worker.uexp" 1642
"Z:/UE_Projects/Second-Chance-FN/Content/Levels/SC_NightFestival.uexp" 1643
"Z:/UE_Projects/Second-Chance-FN/Content/Levels/SC_NightFestival.umap" 1644
"Z:/UE_Projects/Second-Chance-FN/Content/Levels/SC_NightCommotion.uexp" 1645
"Z:/UE_Projects/Second-Chance-FN/Content/Levels/SC_NightCommotion.umap" 1646
"Z:/UE_Projects/Second-Chance-FN/Content/Materials/LockedDiaryPage.uasset" 1647
"Z:/UE_Projects/Second-Chance-FN/Content/Materials/LockedDiaryPage.uexp" 1648
"Z:/UE_Projects/Second-Chance-FN/Content/Materials/LockedDiaryPage_Sprite.uasset" 1649
"Z:/UE_Projects/Second-Chance-FN/Content/Materials/LockedDiaryPage_Sprite.uexp" 1650
"Z:/UE_Projects/Second-Chance-FN/Content/Levels/SC_MorningFestival.uexp" 1651
"Z:/UE_Projects/Second-Chance-FN/Content/Levels/SC_MorningFestival.umap" 1652
"../../../Engine/Content/TemplateResources/MI_Template_BaseBlue.uasset" 1653
"../../../Engine/Content/TemplateResources/MI_Template_BaseBlue.uexp" 1654
"../../../Engine/Content/TemplateResources/MI_Template_BaseBlue_Metal.uasset" 1655
"../../../Engine/Content/TemplateResources/MI_Template_BaseBlue_Metal.uexp" 1656
"../../../Engine/Content/MapTemplates/Sky/M_BlackBackground.uasset" 1657
"../../../Engine/Content/MapTemplates/Sky/M_BlackBackground.uexp" 1658
"Z:/UE_Projects/Second-Chance-FN/Content/Game_Assets/Classroom/L.ubulk" 1659
"Z:/UE_Projects/Second-Chance-FN/Content/Game_Assets/Classroom/L.uasset" 1660
"Z:/UE_Projects/Second-Chance-FN/Content/Game_Assets/Classroom/L.uexp" 1661
"Z:/UE_Projects/Second-Chance-FN/Content/Game_Assets/maple_tree/Textures/maple_tree_texture_2.ubulk" 1662
"Z:/UE_Projects/Second-Chance-FN/Content/Game_Assets/maple_tree/Textures/maple_tree_texture_2.uasset" 1663
"Z:/UE_Projects/Second-Chance-FN/Content/Game_Assets/maple_tree/Textures/maple_tree_texture_2.uexp" 1664
"Z:/UE_Projects/Second-Chance-FN/Content/Game_Assets/maple_tree/Textures/maple_tree_texture_3.ubulk" 1665
"Z:/UE_Projects/Second-Chance-FN/Content/Game_Assets/maple_tree/Textures/maple_tree_texture_3.uasset" 1666
"Z:/UE_Projects/Second-Chance-FN/Content/Game_Assets/maple_tree/Textures/maple_tree_texture_3.uexp" 1667
"Z:/UE_Projects/Second-Chance-FN/Content/Game_Assets/maple_tree/Materials/grass.uasset" 1668
"Z:/UE_Projects/Second-Chance-FN/Content/Game_Assets/maple_tree/Materials/grass.uexp" 1669
"Z:/UE_Projects/Second-Chance-FN/Content/Core/Blueprint/Characters/Mina/BPC_Mina.uasset" 1670
"Z:/UE_Projects/Second-Chance-FN/Content/Core/Blueprint/Characters/Mina/BPC_Mina.uexp" 1671
"Z:/UE_Projects/Second-Chance-FN/Content/Materials/PeppermintWrapper.uasset" 1672
"Z:/UE_Projects/Second-Chance-FN/Content/Materials/PeppermintWrapper.uexp" 1673
"Z:/UE_Projects/Second-Chance-FN/Content/Materials/PeppermintWrapper_Sprite.uasset" 1674
"Z:/UE_Projects/Second-Chance-FN/Content/Materials/PeppermintWrapper_Sprite.uexp" 1675
"Z:/UE_Projects/Second-Chance-FN/Content/Levels/SC_MinaHouse.uexp" 1676
"Z:/UE_Projects/Second-Chance-FN/Content/Levels/SC_MinaHouse.umap" 1677
"Z:/UE_Projects/Second-Chance-FN/Content/Game_Assets/Props/Desk/Image_0.ubulk" 1678
"Z:/UE_Projects/Second-Chance-FN/Content/Game_Assets/Props/Desk/Image_0.uasset" 1679
"Z:/UE_Projects/Second-Chance-FN/Content/Game_Assets/Props/Desk/Image_0.uexp" 1680
"Z:/UE_Projects/Second-Chance-FN/Content/Game_Assets/Props/Desk/Image_2.ubulk" 1681
"Z:/UE_Projects/Second-Chance-FN/Content/Game_Assets/Props/Desk/Image_2.uasset" 1682
"Z:/UE_Projects/Second-Chance-FN/Content/Game_Assets/Props/Desk/Image_2.uexp" 1683
"Z:/UE_Projects/Second-Chance-FN/Content/Game_Assets/Props/Desk/texture_0_roughness.ubulk" 1684
"Z:/UE_Projects/Second-Chance-FN/Content/Game_Assets/Props/Desk/texture_0_roughness.uasset" 1685
"Z:/UE_Projects/Second-Chance-FN/Content/Game_Assets/Props/Desk/texture_0_roughness.uexp" 1686
"Z:/UE_Projects/Second-Chance-FN/Content/Game_Assets/Props/Desk/Material_001.uasset" 1687
"Z:/UE_Projects/Second-Chance-FN/Content/Game_Assets/Props/Desk/Material_001.uexp" 1688
"Z:/UE_Projects/Second-Chance-FN/Content/Game_Assets/Props/Desk/Meshy_AI_Wooden_Writing_Desk_0922141201_texture.ubulk" 1689
"Z:/UE_Projects/Second-Chance-FN/Content/Game_Assets/Props/Desk/Meshy_AI_Wooden_Writing_Desk_0922141201_texture.uasset" 1690
"Z:/UE_Projects/Second-Chance-FN/Content/Game_Assets/Props/Desk/Meshy_AI_Wooden_Writing_Desk_0922141201_texture.uexp" 1691
"Z:/UE_Projects/Second-Chance-FN/Content/Game_Assets/Props/bp/Image_0.ubulk" 1692
"Z:/UE_Projects/Second-Chance-FN/Content/Game_Assets/Props/bp/Image_0.uasset" 1693
"Z:/UE_Projects/Second-Chance-FN/Content/Game_Assets/Props/bp/Image_0.uexp" 1694
"Z:/UE_Projects/Second-Chance-FN/Content/Game_Assets/Props/bp/Image_2.ubulk" 1695
"Z:/UE_Projects/Second-Chance-FN/Content/Game_Assets/Props/bp/Image_2.uasset" 1696
"Z:/UE_Projects/Second-Chance-FN/Content/Game_Assets/Props/bp/Image_2.uexp" 1697
"Z:/UE_Projects/Second-Chance-FN/Content/Game_Assets/Props/bp/texture_0_roughness.ubulk" 1698
"Z:/UE_Projects/Second-Chance-FN/Content/Game_Assets/Props/bp/texture_0_roughness.uasset" 1699
"Z:/UE_Projects/Second-Chance-FN/Content/Game_Assets/Props/bp/texture_0_roughness.uexp" 1700
"Z:/UE_Projects/Second-Chance-FN/Content/Game_Assets/Props/bp/Material_001.uasset" 1701
"Z:/UE_Projects/Second-Chance-FN/Content/Game_Assets/Props/bp/Material_001.uexp" 1702
"Z:/UE_Projects/Second-Chance-FN/Content/Game_Assets/Props/bp/Meshy_AI_Lavender_Backpack_0922185943_texture.ubulk" 1703
"Z:/UE_Projects/Second-Chance-FN/Content/Game_Assets/Props/bp/Meshy_AI_Lavender_Backpack_0922185943_texture.uasset" 1704
"Z:/UE_Projects/Second-Chance-FN/Content/Game_Assets/Props/bp/Meshy_AI_Lavender_Backpack_0922185943_texture.uexp" 1705
"Z:/UE_Projects/Second-Chance-FN/Content/Game_Assets/Props/Book1/Image_0.ubulk" 1706
"Z:/UE_Projects/Second-Chance-FN/Content/Game_Assets/Props/Book1/Image_0.uasset" 1707
"Z:/UE_Projects/Second-Chance-FN/Content/Game_Assets/Props/Book1/Image_0.uexp" 1708
"Z:/UE_Projects/Second-Chance-FN/Content/Game_Assets/Props/Book1/Image_2.ubulk" 1709
"Z:/UE_Projects/Second-Chance-FN/Content/Game_Assets/Props/Book1/Image_2.uasset" 1710
"Z:/UE_Projects/Second-Chance-FN/Content/Game_Assets/Props/Book1/Image_2.uexp" 1711
"Z:/UE_Projects/Second-Chance-FN/Content/Game_Assets/Props/Book1/texture_0_roughness.ubulk" 1712
"Z:/UE_Projects/Second-Chance-FN/Content/Game_Assets/Props/Book1/texture_0_roughness.uasset" 1713
"Z:/UE_Projects/Second-Chance-FN/Content/Game_Assets/Props/Book1/texture_0_roughness.uexp" 1714
"Z:/UE_Projects/Second-Chance-FN/Content/Game_Assets/Props/Book1/Material_001.uasset" 1715
"Z:/UE_Projects/Second-Chance-FN/Content/Game_Assets/Props/Book1/Material_001.uexp" 1716
"Z:/UE_Projects/Second-Chance-FN/Content/Game_Assets/Props/Book1/Meshy_AI_Colorful_Book_Stack_0922190417_texture.ubulk" 1717
"Z:/UE_Projects/Second-Chance-FN/Content/Game_Assets/Props/Book1/Meshy_AI_Colorful_Book_Stack_0922190417_texture.uasset" 1718
"Z:/UE_Projects/Second-Chance-FN/Content/Game_Assets/Props/Book1/Meshy_AI_Colorful_Book_Stack_0922190417_texture.uexp" 1719
"Z:/UE_Projects/Second-Chance-FN/Content/Game_Assets/Props/Wall/Image_0.ubulk" 1720
"Z:/UE_Projects/Second-Chance-FN/Content/Game_Assets/Props/Wall/Image_0.uasset" 1721
"Z:/UE_Projects/Second-Chance-FN/Content/Game_Assets/Props/Wall/Image_0.uexp" 1722
"Z:/UE_Projects/Second-Chance-FN/Content/Game_Assets/Props/Wall/Image_2.ubulk" 1723
"Z:/UE_Projects/Second-Chance-FN/Content/Game_Assets/Props/Wall/Image_2.uasset" 1724
"Z:/UE_Projects/Second-Chance-FN/Content/Game_Assets/Props/Wall/Image_2.uexp" 1725
"Z:/UE_Projects/Second-Chance-FN/Content/Game_Assets/Props/Wall/texture_0_roughness.ubulk" 1726
"Z:/UE_Projects/Second-Chance-FN/Content/Game_Assets/Props/Wall/texture_0_roughness.uasset" 1727
"Z:/UE_Projects/Second-Chance-FN/Content/Game_Assets/Props/Wall/texture_0_roughness.uexp" 1728
"Z:/UE_Projects/Second-Chance-FN/Content/Game_Assets/Props/Wall/Material_001.uasset" 1729
"Z:/UE_Projects/Second-Chance-FN/Content/Game_Assets/Props/Wall/Material_001.uexp" 1730
"Z:/UE_Projects/Second-Chance-FN/Content/Game_Assets/Props/Wall/Meshy_AI_Wooden_Wall_Paneling_0922171517_texture.ubulk" 1731
"Z:/UE_Projects/Second-Chance-FN/Content/Game_Assets/Props/Wall/Meshy_AI_Wooden_Wall_Paneling_0922171517_texture.uasset" 1732
"Z:/UE_Projects/Second-Chance-FN/Content/Game_Assets/Props/Wall/Meshy_AI_Wooden_Wall_Paneling_0922171517_texture.uexp" 1733
"Z:/UE_Projects/Second-Chance-FN/Content/Game_Assets/Props/Wall/texture_0_roughness_Mat.uasset" 1734
"Z:/UE_Projects/Second-Chance-FN/Content/Game_Assets/Props/Wall/texture_0_roughness_Mat.uexp" 1735
"Z:/UE_Projects/Second-Chance-FN/Content/Game_Assets/Props/bag2/Image_0.ubulk" 1736
"Z:/UE_Projects/Second-Chance-FN/Content/Game_Assets/Props/bag2/Image_0.uasset" 1737
"Z:/UE_Projects/Second-Chance-FN/Content/Game_Assets/Props/bag2/Image_0.uexp" 1738
"Z:/UE_Projects/Second-Chance-FN/Content/Game_Assets/Props/bag2/Image_2.ubulk" 1739
"Z:/UE_Projects/Second-Chance-FN/Content/Game_Assets/Props/bag2/Image_2.uasset" 1740
"Z:/UE_Projects/Second-Chance-FN/Content/Game_Assets/Props/bag2/Image_2.uexp" 1741
"Z:/UE_Projects/Second-Chance-FN/Content/Game_Assets/Props/bag2/texture_0_roughness.ubulk" 1742
"Z:/UE_Projects/Second-Chance-FN/Content/Game_Assets/Props/bag2/texture_0_roughness.uasset" 1743
"Z:/UE_Projects/Second-Chance-FN/Content/Game_Assets/Props/bag2/texture_0_roughness.uexp" 1744
"Z:/UE_Projects/Second-Chance-FN/Content/Game_Assets/Props/bag2/Material_001.uasset" 1745
"Z:/UE_Projects/Second-Chance-FN/Content/Game_Assets/Props/bag2/Material_001.uexp" 1746
"Z:/UE_Projects/Second-Chance-FN/Content/Game_Assets/Props/bag2/Meshy_AI_Blue_Backpack_0923120831_texture.ubulk" 1747
"Z:/UE_Projects/Second-Chance-FN/Content/Game_Assets/Props/bag2/Meshy_AI_Blue_Backpack_0923120831_texture.uasset" 1748
"Z:/UE_Projects/Second-Chance-FN/Content/Game_Assets/Props/bag2/Meshy_AI_Blue_Backpack_0923120831_texture.uexp" 1749
"Z:/UE_Projects/Second-Chance-FN/Content/Materials/AttendanceSheet.uasset" 1750
"Z:/UE_Projects/Second-Chance-FN/Content/Materials/AttendanceSheet.uexp" 1751
"Z:/UE_Projects/Second-Chance-FN/Content/Materials/AttendanceSheet_Sprite.uasset" 1752
"Z:/UE_Projects/Second-Chance-FN/Content/Materials/AttendanceSheet_Sprite.uexp" 1753
"Z:/UE_Projects/Second-Chance-FN/Content/Character/Janitor/Texture/janitor.uasset" 1754
"Z:/UE_Projects/Second-Chance-FN/Content/Character/Janitor/Texture/janitor.uexp" 1755
"Z:/UE_Projects/Second-Chance-FN/Content/Character/Janitor/Sprite/janitor_Sprite_20.uasset" 1756
"Z:/UE_Projects/Second-Chance-FN/Content/Character/Janitor/Sprite/janitor_Sprite_20.uexp" 1757
"Z:/UE_Projects/Second-Chance-FN/Content/Character/Janitor/Sprite/janitor_Sprite_22.uasset" 1758
"Z:/UE_Projects/Second-Chance-FN/Content/Character/Janitor/Sprite/janitor_Sprite_22.uexp" 1759
"Z:/UE_Projects/Second-Chance-FN/Content/Character/Janitor/FB_Janitor_Idle.uasset" 1760
"Z:/UE_Projects/Second-Chance-FN/Content/Character/Janitor/FB_Janitor_Idle.uexp" 1761
"Z:/UE_Projects/Second-Chance-FN/Content/Core/Blueprint/Characters/Hana/BPC_Hana.uasset" 1762
"Z:/UE_Projects/Second-Chance-FN/Content/Core/Blueprint/Characters/Hana/BPC_Hana.uexp" 1763
"Z:/UE_Projects/Second-Chance-FN/Content/Game_Assets/Props/Board2/Image_0.ubulk" 1764
"Z:/UE_Projects/Second-Chance-FN/Content/Game_Assets/Props/Board2/Image_0.uasset" 1765
"Z:/UE_Projects/Second-Chance-FN/Content/Game_Assets/Props/Board2/Image_0.uexp" 1766
"Z:/UE_Projects/Second-Chance-FN/Content/Game_Assets/Props/Board2/Image_2.ubulk" 1767
"Z:/UE_Projects/Second-Chance-FN/Content/Game_Assets/Props/Board2/Image_2.uasset" 1768
"Z:/UE_Projects/Second-Chance-FN/Content/Game_Assets/Props/Board2/Image_2.uexp" 1769
"Z:/UE_Projects/Second-Chance-FN/Content/Game_Assets/Props/Board2/texture_0_roughness.ubulk" 1770
"Z:/UE_Projects/Second-Chance-FN/Content/Game_Assets/Props/Board2/texture_0_roughness.uasset" 1771
"Z:/UE_Projects/Second-Chance-FN/Content/Game_Assets/Props/Board2/texture_0_roughness.uexp" 1772
"Z:/UE_Projects/Second-Chance-FN/Content/Game_Assets/Props/Board2/Material_001.uasset" 1773
"Z:/UE_Projects/Second-Chance-FN/Content/Game_Assets/Props/Board2/Material_001.uexp" 1774
"Z:/UE_Projects/Second-Chance-FN/Content/Game_Assets/Props/Board2/Meshy_AI_Bulletin_Board_0923134030_texture.ubulk" 1775
"Z:/UE_Projects/Second-Chance-FN/Content/Game_Assets/Props/Board2/Meshy_AI_Bulletin_Board_0923134030_texture.uasset" 1776
"Z:/UE_Projects/Second-Chance-FN/Content/Game_Assets/Props/Board2/Meshy_AI_Bulletin_Board_0923134030_texture.uexp" 1777
"Z:/UE_Projects/Second-Chance-FN/Content/Game_Assets/Props/Clock/Image_0.ubulk" 1778
"Z:/UE_Projects/Second-Chance-FN/Content/Game_Assets/Props/Clock/Image_0.uasset" 1779
"Z:/UE_Projects/Second-Chance-FN/Content/Game_Assets/Props/Clock/Image_0.uexp" 1780
"Z:/UE_Projects/Second-Chance-FN/Content/Game_Assets/Props/Clock/Image_2.ubulk" 1781
"Z:/UE_Projects/Second-Chance-FN/Content/Game_Assets/Props/Clock/Image_2.uasset" 1782
"Z:/UE_Projects/Second-Chance-FN/Content/Game_Assets/Props/Clock/Image_2.uexp" 1783
"Z:/UE_Projects/Second-Chance-FN/Content/Game_Assets/Props/Clock/texture_0_roughness.ubulk" 1784
"Z:/UE_Projects/Second-Chance-FN/Content/Game_Assets/Props/Clock/texture_0_roughness.uasset" 1785
"Z:/UE_Projects/Second-Chance-FN/Content/Game_Assets/Props/Clock/texture_0_roughness.uexp" 1786
"Z:/UE_Projects/Second-Chance-FN/Content/Game_Assets/Props/Clock/Material_001.uasset" 1787
"Z:/UE_Projects/Second-Chance-FN/Content/Game_Assets/Props/Clock/Material_001.uexp" 1788
"Z:/UE_Projects/Second-Chance-FN/Content/Game_Assets/Props/Clock/Meshy_AI_Orange_Wall_Clock_0922185532_texture.ubulk" 1789
"Z:/UE_Projects/Second-Chance-FN/Content/Game_Assets/Props/Clock/Meshy_AI_Orange_Wall_Clock_0922185532_texture.uasset" 1790
"Z:/UE_Projects/Second-Chance-FN/Content/Game_Assets/Props/Clock/Meshy_AI_Orange_Wall_Clock_0922185532_texture.uexp" 1791
"Z:/UE_Projects/Second-Chance-FN/Content/Game_Assets/Props/Locker/Image_0.ubulk" 1792
"Z:/UE_Projects/Second-Chance-FN/Content/Game_Assets/Props/Locker/Image_0.uasset" 1793
"Z:/UE_Projects/Second-Chance-FN/Content/Game_Assets/Props/Locker/Image_0.uexp" 1794
"Z:/UE_Projects/Second-Chance-FN/Content/Game_Assets/Props/Locker/Image_2.ubulk" 1795
"Z:/UE_Projects/Second-Chance-FN/Content/Game_Assets/Props/Locker/Image_2.uasset" 1796
"Z:/UE_Projects/Second-Chance-FN/Content/Game_Assets/Props/Locker/Image_2.uexp" 1797
"Z:/UE_Projects/Second-Chance-FN/Content/Game_Assets/Props/Locker/texture_0_roughness.ubulk" 1798
"Z:/UE_Projects/Second-Chance-FN/Content/Game_Assets/Props/Locker/texture_0_roughness.uasset" 1799
"Z:/UE_Projects/Second-Chance-FN/Content/Game_Assets/Props/Locker/texture_0_roughness.uexp" 1800
"Z:/UE_Projects/Second-Chance-FN/Content/Game_Assets/Props/Locker/Material_001.uasset" 1801
"Z:/UE_Projects/Second-Chance-FN/Content/Game_Assets/Props/Locker/Material_001.uexp" 1802
"Z:/UE_Projects/Second-Chance-FN/Content/Game_Assets/Props/Locker/Meshy_AI_Locker_Cabinet_0922190155_texture.ubulk" 1803
"Z:/UE_Projects/Second-Chance-FN/Content/Game_Assets/Props/Locker/Meshy_AI_Locker_Cabinet_0922190155_texture.uasset" 1804
"Z:/UE_Projects/Second-Chance-FN/Content/Game_Assets/Props/Locker/Meshy_AI_Locker_Cabinet_0922190155_texture.uexp" 1805
"Z:/UE_Projects/Second-Chance-FN/Content/Game_Assets/Props/img/frame.uasset" 1806
"Z:/UE_Projects/Second-Chance-FN/Content/Game_Assets/Props/img/frame.uexp" 1807
"Z:/UE_Projects/Second-Chance-FN/Content/Game_Assets/Props/img/frame_Sprite.uasset" 1808
"Z:/UE_Projects/Second-Chance-FN/Content/Game_Assets/Props/img/frame_Sprite.uexp" 1809
"Z:/UE_Projects/Second-Chance-FN/Content/Levels/SC_Hallway.uexp" 1810
"Z:/UE_Projects/Second-Chance-FN/Content/Levels/SC_Hallway.umap" 1811
"Z:/UE_Projects/Second-Chance-FN/Content/UI/Assets/randomwriting.uasset" 1812
"Z:/UE_Projects/Second-Chance-FN/Content/UI/Assets/randomwriting.uexp" 1813
"Z:/UE_Projects/Second-Chance-FN/Content/UI/Assets/randomwriting_Sprite.uasset" 1814
"Z:/UE_Projects/Second-Chance-FN/Content/UI/Assets/randomwriting_Sprite.uexp" 1815
"Z:/UE_Projects/Second-Chance-FN/Content/Game_Assets/EnviromentTexture/Meshy_AI_A_3D_model_of_a_vinta_0404115736_texture/Textures/Meshy_AI_A_3D_model_of_a_vinta_0404115736_texture_texture_0.ubulk" 1816
"Z:/UE_Projects/Second-Chance-FN/Content/Game_Assets/EnviromentTexture/Meshy_AI_A_3D_model_of_a_vinta_0404115736_texture/Textures/Meshy_AI_A_3D_model_of_a_vinta_0404115736_texture_texture_0.uasset" 1817
"Z:/UE_Projects/Second-Chance-FN/Content/Game_Assets/EnviromentTexture/Meshy_AI_A_3D_model_of_a_vinta_0404115736_texture/Textures/Meshy_AI_A_3D_model_of_a_vinta_0404115736_texture_texture_0.uexp" 1818
"Z:/UE_Projects/Second-Chance-FN/Content/Game_Assets/EnviromentTexture/Meshy_AI_A_3D_model_of_a_vinta_0404115736_texture/Textures/Meshy_AI_A_3D_model_of_a_vinta_0404115736_texture_texture_1.ubulk" 1819
"Z:/UE_Projects/Second-Chance-FN/Content/Game_Assets/EnviromentTexture/Meshy_AI_A_3D_model_of_a_vinta_0404115736_texture/Textures/Meshy_AI_A_3D_model_of_a_vinta_0404115736_texture_texture_1.uasset" 1820
"Z:/UE_Projects/Second-Chance-FN/Content/Game_Assets/EnviromentTexture/Meshy_AI_A_3D_model_of_a_vinta_0404115736_texture/Textures/Meshy_AI_A_3D_model_of_a_vinta_0404115736_texture_texture_1.uexp" 1821
"Z:/UE_Projects/Second-Chance-FN/Content/Game_Assets/EnviromentTexture/Meshy_AI_A_3D_model_of_a_vinta_0404115736_texture/Textures/Meshy_AI_A_3D_model_of_a_vinta_0404115736_texture_texture_2.ubulk" 1822
"Z:/UE_Projects/Second-Chance-FN/Content/Game_Assets/EnviromentTexture/Meshy_AI_A_3D_model_of_a_vinta_0404115736_texture/Textures/Meshy_AI_A_3D_model_of_a_vinta_0404115736_texture_texture_2.uasset" 1823
"Z:/UE_Projects/Second-Chance-FN/Content/Game_Assets/EnviromentTexture/Meshy_AI_A_3D_model_of_a_vinta_0404115736_texture/Textures/Meshy_AI_A_3D_model_of_a_vinta_0404115736_texture_texture_2.uexp" 1824
"Z:/UE_Projects/Second-Chance-FN/Content/Game_Assets/EnviromentTexture/Meshy_AI_A_3D_model_of_a_vinta_0404115736_texture/Materials/Meshy_AI_A_3D_model_of_a_vinta_0404115736_texture_material_0.uasset" 1825
"Z:/UE_Projects/Second-Chance-FN/Content/Game_Assets/EnviromentTexture/Meshy_AI_A_3D_model_of_a_vinta_0404115736_texture/Materials/Meshy_AI_A_3D_model_of_a_vinta_0404115736_texture_material_0.uexp" 1826
"Z:/UE_Projects/Second-Chance-FN/Content/Game_Assets/EnviromentTexture/Meshy_AI_A_3D_model_of_a_vinta_0404115736_texture/StaticMeshes/Meshy_AI_A_3D_model_of_a_vinta_0404115736_texture.ubulk" 1827
"Z:/UE_Projects/Second-Chance-FN/Content/Game_Assets/EnviromentTexture/Meshy_AI_A_3D_model_of_a_vinta_0404115736_texture/StaticMeshes/Meshy_AI_A_3D_model_of_a_vinta_0404115736_texture.uasset" 1828
"Z:/UE_Projects/Second-Chance-FN/Content/Game_Assets/EnviromentTexture/Meshy_AI_A_3D_model_of_a_vinta_0404115736_texture/StaticMeshes/Meshy_AI_A_3D_model_of_a_vinta_0404115736_texture.uexp" 1829
"Z:/UE_Projects/Second-Chance-FN/Content/Game_Assets/Props/Chair/Image_0.ubulk" 1830
"Z:/UE_Projects/Second-Chance-FN/Content/Game_Assets/Props/Chair/Image_0.uasset" 1831
"Z:/UE_Projects/Second-Chance-FN/Content/Game_Assets/Props/Chair/Image_0.uexp" 1832
"Z:/UE_Projects/Second-Chance-FN/Content/Game_Assets/Props/Chair/Image_2.ubulk" 1833
"Z:/UE_Projects/Second-Chance-FN/Content/Game_Assets/Props/Chair/Image_2.uasset" 1834
"Z:/UE_Projects/Second-Chance-FN/Content/Game_Assets/Props/Chair/Image_2.uexp" 1835
"Z:/UE_Projects/Second-Chance-FN/Content/Game_Assets/Props/Chair/texture_0_roughness.ubulk" 1836
"Z:/UE_Projects/Second-Chance-FN/Content/Game_Assets/Props/Chair/texture_0_roughness.uasset" 1837
"Z:/UE_Projects/Second-Chance-FN/Content/Game_Assets/Props/Chair/texture_0_roughness.uexp" 1838
"Z:/UE_Projects/Second-Chance-FN/Content/Game_Assets/Props/Chair/Material_001.uasset" 1839
"Z:/UE_Projects/Second-Chance-FN/Content/Game_Assets/Props/Chair/Material_001.uexp" 1840
"Z:/UE_Projects/Second-Chance-FN/Content/Game_Assets/Props/Chair/Meshy_AI_Wooden_Ladderback_Cha_0922140919_texture.ubulk" 1841
"Z:/UE_Projects/Second-Chance-FN/Content/Game_Assets/Props/Chair/Meshy_AI_Wooden_Ladderback_Cha_0922140919_texture.uasset" 1842
"Z:/UE_Projects/Second-Chance-FN/Content/Game_Assets/Props/Chair/Meshy_AI_Wooden_Ladderback_Cha_0922140919_texture.uexp" 1843
"Z:/UE_Projects/Second-Chance-FN/Content/Game_Assets/Props/Book2/Image_0.ubulk" 1844
"Z:/UE_Projects/Second-Chance-FN/Content/Game_Assets/Props/Book2/Image_0.uasset" 1845
"Z:/UE_Projects/Second-Chance-FN/Content/Game_Assets/Props/Book2/Image_0.uexp" 1846
"Z:/UE_Projects/Second-Chance-FN/Content/Game_Assets/Props/Book2/Image_2.ubulk" 1847
"Z:/UE_Projects/Second-Chance-FN/Content/Game_Assets/Props/Book2/Image_2.uasset" 1848
"Z:/UE_Projects/Second-Chance-FN/Content/Game_Assets/Props/Book2/Image_2.uexp" 1849
"Z:/UE_Projects/Second-Chance-FN/Content/Game_Assets/Props/Book2/texture_0_roughness.ubulk" 1850
"Z:/UE_Projects/Second-Chance-FN/Content/Game_Assets/Props/Book2/texture_0_roughness.uasset" 1851
"Z:/UE_Projects/Second-Chance-FN/Content/Game_Assets/Props/Book2/texture_0_roughness.uexp" 1852
"Z:/UE_Projects/Second-Chance-FN/Content/Game_Assets/Props/Book2/Material_001.uasset" 1853
"Z:/UE_Projects/Second-Chance-FN/Content/Game_Assets/Props/Book2/Material_001.uexp" 1854
"Z:/UE_Projects/Second-Chance-FN/Content/Game_Assets/Props/Book2/Meshy_AI_Open_Book_0922185745_texture.ubulk" 1855
"Z:/UE_Projects/Second-Chance-FN/Content/Game_Assets/Props/Book2/Meshy_AI_Open_Book_0922185745_texture.uasset" 1856
"Z:/UE_Projects/Second-Chance-FN/Content/Game_Assets/Props/Book2/Meshy_AI_Open_Book_0922185745_texture.uexp" 1857
"Z:/UE_Projects/Second-Chance-FN/Content/Game_Assets/Props/WhiteBoard/Image_0.ubulk" 1858
"Z:/UE_Projects/Second-Chance-FN/Content/Game_Assets/Props/WhiteBoard/Image_0.uasset" 1859
"Z:/UE_Projects/Second-Chance-FN/Content/Game_Assets/Props/WhiteBoard/Image_0.uexp" 1860
"Z:/UE_Projects/Second-Chance-FN/Content/Game_Assets/Props/WhiteBoard/Image_2.ubulk" 1861
"Z:/UE_Projects/Second-Chance-FN/Content/Game_Assets/Props/WhiteBoard/Image_2.uasset" 1862
"Z:/UE_Projects/Second-Chance-FN/Content/Game_Assets/Props/WhiteBoard/Image_2.uexp" 1863
"Z:/UE_Projects/Second-Chance-FN/Content/Game_Assets/Props/WhiteBoard/texture_0_roughness.ubulk" 1864
"Z:/UE_Projects/Second-Chance-FN/Content/Game_Assets/Props/WhiteBoard/texture_0_roughness.uasset" 1865
"Z:/UE_Projects/Second-Chance-FN/Content/Game_Assets/Props/WhiteBoard/texture_0_roughness.uexp" 1866
"Z:/UE_Projects/Second-Chance-FN/Content/Game_Assets/Props/WhiteBoard/Material_001.uasset" 1867
"Z:/UE_Projects/Second-Chance-FN/Content/Game_Assets/Props/WhiteBoard/Material_001.uexp" 1868
"Z:/UE_Projects/Second-Chance-FN/Content/Game_Assets/Props/WhiteBoard/Meshy_AI_Portable_Whiteboard_0922141836_texture.ubulk" 1869
"Z:/UE_Projects/Second-Chance-FN/Content/Game_Assets/Props/WhiteBoard/Meshy_AI_Portable_Whiteboard_0922141836_texture.uasset" 1870
"Z:/UE_Projects/Second-Chance-FN/Content/Game_Assets/Props/WhiteBoard/Meshy_AI_Portable_Whiteboard_0922141836_texture.uexp" 1871
"Z:/UE_Projects/Second-Chance-FN/Content/Game_Assets/Props/Window/Image_0.ubulk" 1872
"Z:/UE_Projects/Second-Chance-FN/Content/Game_Assets/Props/Window/Image_0.uasset" 1873
"Z:/UE_Projects/Second-Chance-FN/Content/Game_Assets/Props/Window/Image_0.uexp" 1874
"Z:/UE_Projects/Second-Chance-FN/Content/Game_Assets/Props/Window/Image_2.ubulk" 1875
"Z:/UE_Projects/Second-Chance-FN/Content/Game_Assets/Props/Window/Image_2.uasset" 1876
"Z:/UE_Projects/Second-Chance-FN/Content/Game_Assets/Props/Window/Image_2.uexp" 1877
"Z:/UE_Projects/Second-Chance-FN/Content/Game_Assets/Props/Window/texture_0_roughness.ubulk" 1878
"Z:/UE_Projects/Second-Chance-FN/Content/Game_Assets/Props/Window/texture_0_roughness.uasset" 1879
"Z:/UE_Projects/Second-Chance-FN/Content/Game_Assets/Props/Window/texture_0_roughness.uexp" 1880
"Z:/UE_Projects/Second-Chance-FN/Content/Game_Assets/Props/Window/Material_001.uasset" 1881
"Z:/UE_Projects/Second-Chance-FN/Content/Game_Assets/Props/Window/Material_001.uexp" 1882
"Z:/UE_Projects/Second-Chance-FN/Content/Game_Assets/Props/Window/Meshy_AI_Purple_Six_Pane_Windo_0922173733_texture.ubulk" 1883
"Z:/UE_Projects/Second-Chance-FN/Content/Game_Assets/Props/Window/Meshy_AI_Purple_Six_Pane_Windo_0922173733_texture.uasset" 1884
"Z:/UE_Projects/Second-Chance-FN/Content/Game_Assets/Props/Window/Meshy_AI_Purple_Six_Pane_Windo_0922173733_texture.uexp" 1885
"Z:/UE_Projects/Second-Chance-FN/Content/Levels/SC_Classroom.uexp" 1886
"Z:/UE_Projects/Second-Chance-FN/Content/Levels/SC_Classroom.umap" 1887
"Z:/UE_Projects/Second-Chance-FN/Content/Game_Assets/EnviromentTexture/Meshy_AI_Golden_Yellow_School__0404112701_texture/Textures/Meshy_AI_Golden_Yellow_School__0404112701_texture_texture_0.ubulk" 1888
"Z:/UE_Projects/Second-Chance-FN/Content/Game_Assets/EnviromentTexture/Meshy_AI_Golden_Yellow_School__0404112701_texture/Textures/Meshy_AI_Golden_Yellow_School__0404112701_texture_texture_0.uasset" 1889
"Z:/UE_Projects/Second-Chance-FN/Content/Game_Assets/EnviromentTexture/Meshy_AI_Golden_Yellow_School__0404112701_texture/Textures/Meshy_AI_Golden_Yellow_School__0404112701_texture_texture_0.uexp" 1890
"Z:/UE_Projects/Second-Chance-FN/Content/Game_Assets/EnviromentTexture/Meshy_AI_Golden_Yellow_School__0404112701_texture/Textures/Meshy_AI_Golden_Yellow_School__0404112701_texture_texture_1.ubulk" 1891
"Z:/UE_Projects/Second-Chance-FN/Content/Game_Assets/EnviromentTexture/Meshy_AI_Golden_Yellow_School__0404112701_texture/Textures/Meshy_AI_Golden_Yellow_School__0404112701_texture_texture_1.uasset" 1892
"Z:/UE_Projects/Second-Chance-FN/Content/Game_Assets/EnviromentTexture/Meshy_AI_Golden_Yellow_School__0404112701_texture/Textures/Meshy_AI_Golden_Yellow_School__0404112701_texture_texture_1.uexp" 1893
"Z:/UE_Projects/Second-Chance-FN/Content/Game_Assets/EnviromentTexture/Meshy_AI_Golden_Yellow_School__0404112701_texture/Textures/Meshy_AI_Golden_Yellow_School__0404112701_texture_texture_2.ubulk" 1894
"Z:/UE_Projects/Second-Chance-FN/Content/Game_Assets/EnviromentTexture/Meshy_AI_Golden_Yellow_School__0404112701_texture/Textures/Meshy_AI_Golden_Yellow_School__0404112701_texture_texture_2.uasset" 1895
"Z:/UE_Projects/Second-Chance-FN/Content/Game_Assets/EnviromentTexture/Meshy_AI_Golden_Yellow_School__0404112701_texture/Textures/Meshy_AI_Golden_Yellow_School__0404112701_texture_texture_2.uexp" 1896
"Z:/UE_Projects/Second-Chance-FN/Content/Game_Assets/EnviromentTexture/Meshy_AI_Golden_Yellow_School__0404112701_texture/Materials/Meshy_AI_Golden_Yellow_School__0404112701_texture_material_0.uasset" 1897
"Z:/UE_Projects/Second-Chance-FN/Content/Game_Assets/EnviromentTexture/Meshy_AI_Golden_Yellow_School__0404112701_texture/Materials/Meshy_AI_Golden_Yellow_School__0404112701_texture_material_0.uexp" 1898
"Z:/UE_Projects/Second-Chance-FN/Content/Game_Assets/EnviromentTexture/Meshy_AI_Golden_Yellow_School__0404112701_texture/StaticMeshes/Meshy_AI_Golden_Yellow_School__0404112701_texture.ubulk" 1899
"Z:/UE_Projects/Second-Chance-FN/Content/Game_Assets/EnviromentTexture/Meshy_AI_Golden_Yellow_School__0404112701_texture/StaticMeshes/Meshy_AI_Golden_Yellow_School__0404112701_texture.uasset" 1900
"Z:/UE_Projects/Second-Chance-FN/Content/Game_Assets/EnviromentTexture/Meshy_AI_Golden_Yellow_School__0404112701_texture/StaticMeshes/Meshy_AI_Golden_Yellow_School__0404112701_texture.uexp" 1901
"Z:/UE_Projects/Second-Chance-FN/Content/Materials/RedFabricFragment.uasset" 1902
"Z:/UE_Projects/Second-Chance-FN/Content/Materials/RedFabricFragment.uexp" 1903
"Z:/UE_Projects/Second-Chance-FN/Content/Materials/S_FabricFragment.uasset" 1904
"Z:/UE_Projects/Second-Chance-FN/Content/Materials/S_FabricFragment.uexp" 1905
"Z:/UE_Projects/Second-Chance-FN/Content/Levels/SC_BeforeFestival.uexp" 1906
"Z:/UE_Projects/Second-Chance-FN/Content/Levels/SC_BeforeFestival.umap" 1907
"Z:/UE_Projects/Second-Chance-FN/Content/Game_Assets/EnviromentTexture/Tree/textures/sakura_bark_disp_4k.ubulk" 1908
"Z:/UE_Projects/Second-Chance-FN/Content/Game_Assets/EnviromentTexture/Tree/textures/sakura_bark_disp_4k.uasset" 1909
"Z:/UE_Projects/Second-Chance-FN/Content/Game_Assets/EnviromentTexture/Tree/textures/sakura_bark_disp_4k.uexp" 1910
"Z:/UE_Projects/Second-Chance-FN/Content/Game_Assets/EnviromentTexture/Tree/textures/sakura_bark_disp_4k_Mat.uasset" 1911
"Z:/UE_Projects/Second-Chance-FN/Content/Game_Assets/EnviromentTexture/Tree/textures/sakura_bark_disp_4k_Mat.uexp" 1912
"Z:/UE_Projects/Second-Chance-FN/Content/Core/Blueprint/Characters/Mother/AS_Mother.uasset" 1913
"Z:/UE_Projects/Second-Chance-FN/Content/Core/Blueprint/Characters/Mother/AS_Mother.uexp" 1914
"Z:/UE_Projects/Second-Chance-FN/Content/Core/Blueprint/Characters/Mother/ABP_Mother.uasset" 1915
"Z:/UE_Projects/Second-Chance-FN/Content/Core/Blueprint/Characters/Mother/ABP_Mother.uexp" 1916
"Z:/UE_Projects/Second-Chance-FN/Content/Core/Blueprint/Characters/Mother/BPC_Mother.uasset" 1917
"Z:/UE_Projects/Second-Chance-FN/Content/Core/Blueprint/Characters/Mother/BPC_Mother.uexp" 1918
"Z:/UE_Projects/Second-Chance-FN/Content/Levels/SC_AkiVillage.uexp" 1919
"Z:/UE_Projects/Second-Chance-FN/Content/Levels/SC_AkiVillage.umap" 1920
"Z:/UE_Projects/Second-Chance-FN/Content/Levels/SC_AfternoonFestival.uexp" 1921
"Z:/UE_Projects/Second-Chance-FN/Content/Levels/SC_AfternoonFestival.umap" 1922
"Z:/UE_Projects/Second-Chance-FN/Content/Audio/bgmusic.ubulk" 1923
"Z:/UE_Projects/Second-Chance-FN/Content/Audio/bgmusic.uasset" 1924
"Z:/UE_Projects/Second-Chance-FN/Content/Audio/bgmusic.uexp" 1925
"Z:/UE_Projects/Second-Chance-FN/Content/Audio/Cues/bgmusic_Cue.uasset" 1926
"Z:/UE_Projects/Second-Chance-FN/Content/Audio/Cues/bgmusic_Cue.uexp" 1927
"Z:/UE_Projects/Second-Chance-FN/Content/UI/Assets/game_menu.uasset" 1928
"Z:/UE_Projects/Second-Chance-FN/Content/UI/Assets/game_menu.uexp" 1929
"Z:/UE_Projects/Second-Chance-FN/Content/UI/Widgets/WBP_Credits_Main.uasset" 1930
"Z:/UE_Projects/Second-Chance-FN/Content/UI/Widgets/WBP_Credits_Main.uexp" 1931
"Z:/UE_Projects/Second-Chance-FN/Content/UI/Widgets/WBP_Options.uasset" 1932
"Z:/UE_Projects/Second-Chance-FN/Content/UI/Widgets/WBP_Options.uexp" 1933
"Z:/UE_Projects/Second-Chance-FN/Content/UI/Widgets/WBP_MainMenu.uasset" 1934
"Z:/UE_Projects/Second-Chance-FN/Content/UI/Widgets/WBP_MainMenu.uexp" 1935
"Z:/UE_Projects/Second-Chance-FN/Content/UI/Widgets/WBP_Credits.uasset" 1936
"Z:/UE_Projects/Second-Chance-FN/Content/UI/Widgets/WBP_Credits.uexp" 1937
"Z:/UE_Projects/Second-Chance-FN/Content/Core/GameMode/MainMenu.uasset" 1938
"Z:/UE_Projects/Second-Chance-FN/Content/Core/GameMode/MainMenu.uexp" 1939
"Z:/UE_Projects/Second-Chance-FN/Content/Levels/MainMenu.uexp" 1940
"Z:/UE_Projects/Second-Chance-FN/Content/Levels/MainMenu.umap" 1941
"../../../Engine/Content/Maps/Entry_BuiltData.uasset" 1942
"../../../Engine/Content/Maps/Entry_BuiltData.uexp" 1943
"../../../Engine/Content/Maps/Entry.uexp" 1944
"../../../Engine/Content/Maps/Entry.umap" 1945
